615349010,제주곤이칼국수 문정점,제주 알곤칼국수,"9,900",
615349010,제주곤이칼국수 문정점,제주 고기칼국수,"9,900",
615349010,제주곤이칼국수 문정점,제주 알곤밥/고기밥,"9,900",
615349010,제주곤이칼국수 문정점,알감자전,"8,000",
615349010,제주곤이칼국수 문정점,숯불갈비(소),"10,000",
615349010,제주곤이칼국수 문정점,고기or김치만두,"5,000",
615349010,제주곤이칼국수 문정점,제주 고기 비빔칼국수,"10,900",
615349010,제주곤이칼국수 문정점,제주 꼬막 비빔칼국수,"10,900",
615349010,제주곤이칼국수 문정점,제주 꼬막 비빔밥,"10,900",
615349010,제주곤이칼국수 문정점,알곤이전골,"29,000",
615349010,제주곤이칼국수 문정점,알곤철판,"29,000",
615349010,제주곤이칼국수 문정점,숯불갈비(대),"24,000",
615349010,제주곤이칼국수 문정점,삼겹수육(소),"15,000",
615349010,제주곤이칼국수 문정점,삼겹수육(대),"28,000",
615349010,제주곤이칼국수 문정점,갈비or짬뽕만두,"6,000",
615349010,제주곤이칼국수 문정점,스페셜전골(3-4인용),"38,000",
865621385,영 베이커리,우리밀 단팥빵,"1,500",https://img1.kakaocdn.net/cthumb/local/C212x180.q50/?fname=http%3A%2F%2Ft1.kakaocdn.net%2Fmystore%2FD95DF3EA288F461D9E198E5D3F53819B
865621385,영 베이커리,크렌베리/초코스콘,"1,500",https://img1.kakaocdn.net/cthumb/local/C212x180.q50/?fname=http%3A%2F%2Ft1.kakaocdn.net%2Fmystore%2F8F2EE9A8195A4E269677519CB35648F2
865621385,영 베이커리,우리밀 식빵,"2,000",https://img1.kakaocdn.net/cthumb/local/C212x180.q50/?fname=http%3A%2F%2Ft1.kakaocdn.net%2Fmystore%2F772148CC86064CA2A6747F484A77D911
865621385,영 베이커리,치아바타,"1,500",https://img1.kakaocdn.net/cthumb/local/C212x180.q50/?fname=http%3A%2F%2Ft1.kakaocdn.net%2Fmystore%2F0A1FD3FE7623426E912AEEF8DCFA037F
388725832,prt prt,푸룻푸룻,"6,500",
388725832,prt prt,prt 마니아,"6,500",
388725832,prt prt,얼그레이 밀크티(Hot only),"6,500",
388725832,prt prt,아쌈 밀크티(Hot only),"6,500",
388725832,prt prt,크림티(밀크티+플레인스콘),"10,000",
388725832,prt prt,에스프레소 마끼아토,"4,500",
388725832,prt prt,아메리카노,"4,500",
388725832,prt prt,디카페인 룽고(Hot only),"5,000",
388725832,prt prt,카페라뗴,"5,000",
388725832,prt prt,카푸치노,"5,000",
388725832,prt prt,바닐라라떼,"5,800",
388725832,prt prt,카페모카,"5,800",
388725832,prt prt,피치우롱티,"5,000",
388725832,prt prt,우바 티,"5,000",
388725832,prt prt,초코라뗴,"5,300",
388725832,prt prt,딸기치즈라떼(Iced only),"5,300",
388725832,prt prt,말차 숲무디,"6,500",
388725832,prt prt,커피 숲무디,"6,500",
1218590343,어머이밥상,갈치조림(2인분),"19,000",https://img1.kakaocdn.net/cthumb/local/C212x180.q50/?fname=http%3A%2F%2Ft1.kakaocdn.net%2Fmystore%2FB23795F14246496C891146B2A7EA93DB
1218590343,어머이밥상,고등어조림(2인분),"19,000",https://img1.kakaocdn.net/cthumb/local/C212x180.q50/?fname=http%3A%2F%2Ft1.kakaocdn.net%2Fmystore%2F1F08CB3B542E432AA67E26CBA23F805E
1218590343,어머이밥상,코다리조림(2인분),"19,000",https://img1.kakaocdn.net/cthumb/local/C212x180.q50/?fname=http%3A%2F%2Ft1.kakaocdn.net%2Fmystore%2F7C257D2E42B84222BFED490034339FF8
1218590343,어머이밥상,가자미구이(1인분)(한마리),"8,000",https://img1.kakaocdn.net/cthumb/local/C212x180.q50/?fname=http%3A%2F%2Ft1.kakaocdn.net%2Fmystore%2F16C901E405AB4CCCBCC104EA8EAF6719
1218590343,어머이밥상,고등어구이(1인분)(반마리),"8,000",https://img1.kakaocdn.net/cthumb/local/C212x180.q50/?fname=http%3A%2F%2Ft1.kakaocdn.net%2Fmystore%2F237F746105EE4271827B168DD876327D
1218590343,어머이밥상,닭볶음탕(반마리)(2인분),"18,000",https://img1.kakaocdn.net/cthumb/local/C212x180.q50/?fname=http%3A%2F%2Ft1.kakaocdn.net%2Fmystore%2F4E7398601D3A4ECC94E425845DB6E121
1218590343,어머이밥상,닭볶음탕(한마리)(3인분),"29,000",https://img1.kakaocdn.net/cthumb/local/C212x180.q50/?fname=http%3A%2F%2Ft1.kakaocdn.net%2Fmystore%2F67FB25DDA2174CC5BD85CA63E4B3DB31
1218590343,어머이밥상,꽃게탕(2인분),"21,000",https://img1.kakaocdn.net/cthumb/local/C212x180.q50/?fname=http%3A%2F%2Ft1.kakaocdn.net%2Fmystore%2F602FE12682364E61A3F3F17831CFC66E
1218590343,어머이밥상,제육볶음,"8,000",https://img1.kakaocdn.net/cthumb/local/C212x180.q50/?fname=http%3A%2F%2Ft1.kakaocdn.net%2Fmystore%2FDCBD6EDED0EC4FB480477199C8DF22E1
1218590343,어머이밥상,소불고기볶음,"9,000",https://img1.kakaocdn.net/cthumb/local/C212x180.q50/?fname=http%3A%2F%2Ft1.kakaocdn.net%2Fmystore%2FDA8433EDA20D4BCA8B81086D5C425C2F
1218590343,어머이밥상,오징어볶음,"9,000",https://img1.kakaocdn.net/cthumb/local/C212x180.q50/?fname=http%3A%2F%2Ft1.kakaocdn.net%2Fmystore%2FCF91F6CA63F84F52815EB1B5A0719116
1218590343,어머이밥상,꽃도리탕(중)(3인분),"32,000",
1218590343,어머이밥상,꽃도리탕(대)(4인분),"42,000",
1566670702,꿀때기곱창,야채곱창,"12,000",
1566670702,꿀때기곱창,알곱창,"13,000",
1566670702,꿀때기곱창,순대곱창,"14,000",
26639136,홍도초밥,연어사시미,"43,000",
26639136,홍도초밥,연어 + 광어,"43,000",
26639136,홍도초밥,광어사시미,"43,000",
26639136,홍도초밥,모듬사시미,"45,000",
26639136,홍도초밥,특모듬사시미,"55,000",
26639136,홍도초밥,참치사시미,"75,000",
26639136,홍도초밥,활어덮밥,"13,000",
26639136,홍도초밥,연어덮밥,"13,000",
26639136,홍도초밥,특덮밥,"16,000",
26639136,홍도초밥,물회,"20,000",
26639136,홍도초밥,알밥,"10,000",
26639136,홍도초밥,우동,"7,000",
26639136,홍도초밥,모밀,"7,000",
26639136,홍도초밥,타코와사비,"10,000",
26639136,홍도초밥,연어머리구이,"15,000",
8138486,한국교자 잠실점,전통만두,"7,000",
8138486,한국교자 잠실점,얼큰수제비,"9,000",
8138486,한국교자 잠실점,교자칼국수,"9,000",
8138486,한국교자 잠실점,갈비만두,"7,000",
8138486,한국교자 잠실점,새우만두,"7,000",
1490864302,투뿔한우천국,1++생등심 500g(로얄등급),"69,000",https://img1.kakaocdn.net/cthumb/local/C212x180.q50/?fname=http%3A%2F%2Ft1.kakaocdn.net%2Fmystore%2FE6A3EC6E3F54430388AC444D73E65F5C
1490864302,투뿔한우천국,1++꽃등심 300g(로얄등급),"54,000",https://img1.kakaocdn.net/cthumb/local/C212x180.q50/?fname=http%3A%2F%2Ft1.kakaocdn.net%2Fmystore%2F1B5BD97992804C2682D03F48E762F3C7
1490864302,투뿔한우천국,1++한우모듬 500g(로얄등급),"79,000",https://img1.kakaocdn.net/cthumb/local/C212x180.q50/?fname=http%3A%2F%2Ft1.kakaocdn.net%2Fmystore%2F074A76EE67FD416ABF97249E4F4C55E5
1490864302,투뿔한우천국,1++제비추리 150g(로얄등급),"26,000",https://img1.kakaocdn.net/cthumb/local/C212x180.q50/?fname=http%3A%2F%2Ft1.kakaocdn.net%2Fmystore%2F371C17D332D3432190605D805742812E
1490864302,투뿔한우천국,1++갈비살 150g(로얄등급),"26,000",https://img1.kakaocdn.net/cthumb/local/C212x180.q50/?fname=http%3A%2F%2Ft1.kakaocdn.net%2Fmystore%2F6F7BEBE05F6F4468B469C7E9969D42DD
1490864302,투뿔한우천국,1++차돌박이 200g (로얄등급),"21,000",https://img1.kakaocdn.net/cthumb/local/C212x180.q50/?fname=http%3A%2F%2Ft1.kakaocdn.net%2Fmystore%2F10B5B4FB9DE949BCA94F99B2E4244BEE
1490864302,투뿔한우천국,1++생등심 반 250g(로얄등급),"35,000",https://img1.kakaocdn.net/cthumb/local/C212x180.q50/?fname=http%3A%2F%2Ft1.kakaocdn.net%2Fmystore%2FAC7DF817D1244509947453B5324ECEF7
1490864302,투뿔한우천국,육사시미 大 400g,"66,000",https://img1.kakaocdn.net/cthumb/local/C212x180.q50/?fname=http%3A%2F%2Ft1.kakaocdn.net%2Fmystore%2FA0884C02FDCF4E8B93A6671FE4FEE3AA
1490864302,투뿔한우천국,육사시미 小 200g,"33,000",https://img1.kakaocdn.net/cthumb/local/C212x180.q50/?fname=http%3A%2F%2Ft1.kakaocdn.net%2Fmystore%2F34BC8289F23E408EA90E2EDFA5376DAB
1490864302,투뿔한우천국,육회 大 400g,"62,000",https://img1.kakaocdn.net/cthumb/local/C212x180.q50/?fname=http%3A%2F%2Ft1.kakaocdn.net%2Fmystore%2FB438BD2F467842208E581F1ACE546A0B
1490864302,투뿔한우천국,육회 小 200g,"31,000",https://img1.kakaocdn.net/cthumb/local/C212x180.q50/?fname=http%3A%2F%2Ft1.kakaocdn.net%2Fmystore%2F46CB458056FD4E8CB408D4806726E569
1490864302,투뿔한우천국,한우육회비빔면,"9,000",https://img1.kakaocdn.net/cthumb/local/C212x180.q50/?fname=http%3A%2F%2Ft1.kakaocdn.net%2Fmystore%2F6A21368397C949C5B4C3C06BF4DACECC
1490864302,투뿔한우천국,차돌라면,"6,000",https://img1.kakaocdn.net/cthumb/local/C212x180.q50/?fname=http%3A%2F%2Ft1.kakaocdn.net%2Fmystore%2F8C2D755178744A4481F8C5BFA5A6EC36
1490864302,투뿔한우천국,김치말이국수,"6,000",https://img1.kakaocdn.net/cthumb/local/C212x180.q50/?fname=http%3A%2F%2Ft1.kakaocdn.net%2Fmystore%2FEFBC5B7914094DAD821B74A378AE4B9C
1490864302,투뿔한우천국,차돌된장술밥,"13,000",https://img1.kakaocdn.net/cthumb/local/C212x180.q50/?fname=http%3A%2F%2Ft1.kakaocdn.net%2Fmystore%2F23E296E7D65E48EAA4DAA42FA95D9EF6
1490864302,투뿔한우천국,묵사발,"6,000",https://img1.kakaocdn.net/cthumb/local/C212x180.q50/?fname=http%3A%2F%2Ft1.kakaocdn.net%2Fmystore%2F40A1E92DC6C4452F9F31670AA390C8E9
1490864302,투뿔한우천국,차돌된장찌개,"6,000",https://img1.kakaocdn.net/cthumb/local/C212x180.q50/?fname=http%3A%2F%2Ft1.kakaocdn.net%2Fmystore%2F7C61ADB44A5342F69E20F33BD9E57B03
1490864302,투뿔한우천국,깍두기볶음밥,"6,000",https://img1.kakaocdn.net/cthumb/local/C212x180.q50/?fname=http%3A%2F%2Ft1.kakaocdn.net%2Fmystore%2F30B0B11D00E442A9825381F99480CFF7
1319598831,채움한식집밥,채움한식집밥,"8,000",
1319598831,채움한식집밥,삼겹살,"16,000",
1319598831,채움한식집밥,소머리국밥,"13,000",
1319598831,채움한식집밥,술국,"15,000",
1319598831,채움한식집밥,김치찌개,"9,000",
1319598831,채움한식집밥,된장찌개,"8,000",
2002518777,스타벅스 삼성역섬유센터R점,블랙 글레이즈드 라떼,"6,500",https://img1.kakaocdn.net/cthumb/local/C212x180.q50/?fname=http%3A%2F%2Ft1.daumcdn.net%2Fplace%2F9164975D4D9B4472BBAFBB0D5A7A176F
2002518777,스타벅스 삼성역섬유센터R점,아이스 블랙 글레이즈드 라떼,"6,500",https://img1.kakaocdn.net/cthumb/local/C212x180.q50/?fname=http%3A%2F%2Ft1.daumcdn.net%2Fplace%2F059FEF51732D4AE2AFB6431B7281E888
2002518777,스타벅스 삼성역섬유센터R점,펌킨 스파이스 오트 아이스 쉐이큰 에스프레소,"6,300",https://img1.kakaocdn.net/cthumb/local/C212x180.q50/?fname=http%3A%2F%2Ft1.daumcdn.net%2Fplace%2FC16F479094BC463C9CAF56F5B575491F
2002518777,스타벅스 삼성역섬유센터R점,청포도 유자 레모네이드 리프레셔,"5,900",https://img1.kakaocdn.net/cthumb/local/C212x180.q50/?fname=http%3A%2F%2Ft1.daumcdn.net%2Fplace%2FB1857078F1E14A1D9C34EA4A6CA58402
2002518777,스타벅스 삼성역섬유센터R점,오늘의 커피,"4,200",https://img1.kakaocdn.net/cthumb/local/C212x180.q50/?fname=http%3A%2F%2Ft1.daumcdn.net%2Fplace%2F99A2C5B8CADE44B4BBC284B4D75C1C67
2002518777,스타벅스 삼성역섬유센터R점,카푸치노,"5,000",https://img1.kakaocdn.net/cthumb/local/C212x180.q50/?fname=http%3A%2F%2Ft1.daumcdn.net%2Fplace%2F8116A7C2C8A74EB0BFC673D69CD18DFC
2002518777,스타벅스 삼성역섬유센터R점,카페 라떼,"5,000",https://img1.kakaocdn.net/cthumb/local/C212x180.q50/?fname=http%3A%2F%2Ft1.daumcdn.net%2Fplace%2F8E8B8E28C37A4708854528B1FD4A0952
2002518777,스타벅스 삼성역섬유센터R점,카페 모카,"5,500",https://img1.kakaocdn.net/cthumb/local/C212x180.q50/?fname=http%3A%2F%2Ft1.daumcdn.net%2Fplace%2FE5BA0B0FE13541A1BFA131EAE90A580B
2002518777,스타벅스 삼성역섬유센터R점,카페 아메리카노,"4,500",https://img1.kakaocdn.net/cthumb/local/C212x180.q50/?fname=http%3A%2F%2Ft1.daumcdn.net%2Fplace%2F33C10F99AABA4C458BA462C518B8F471
2002518777,스타벅스 삼성역섬유센터R점,카라멜 마키아또,"5,900",https://img1.kakaocdn.net/cthumb/local/C212x180.q50/?fname=http%3A%2F%2Ft1.daumcdn.net%2Fplace%2FCF3D9832185E433CBF34AE9FC042FF1E
2002518777,스타벅스 삼성역섬유센터R점,화이트 초콜릿 모카,"5,900",https://img1.kakaocdn.net/cthumb/local/C212x180.q50/?fname=http%3A%2F%2Ft1.daumcdn.net%2Fplace%2F58E2AFC4A5E74FF39C9222FD00CF9AD5
2002518777,스타벅스 삼성역섬유센터R점,스타벅스 돌체 라떼,"5,900",https://img1.kakaocdn.net/cthumb/local/C212x180.q50/?fname=http%3A%2F%2Ft1.daumcdn.net%2Fplace%2FC9C9A4FCD5B4457BB1FE73FD63D53E67
2002518777,스타벅스 삼성역섬유센터R점,자바 칩 프라푸치노,"6,300",https://img1.kakaocdn.net/cthumb/local/C212x180.q50/?fname=http%3A%2F%2Ft1.daumcdn.net%2Fplace%2F29A4626447C94057814F98A097F54770
2002518777,스타벅스 삼성역섬유센터R점,망고 바나나 블렌디드,"6,600",https://img1.kakaocdn.net/cthumb/local/C212x180.q50/?fname=http%3A%2F%2Ft1.daumcdn.net%2Fplace%2F1B5BAD46B0164E3D8EBD7516F7960013
2002518777,스타벅스 삼성역섬유센터R점,아이스 자몽 허니 블랙 티,"5,700",https://img1.kakaocdn.net/cthumb/local/C212x180.q50/?fname=http%3A%2F%2Ft1.daumcdn.net%2Fplace%2F4E01854D95744F6E81BD1A6BEE43F08C
2002518777,스타벅스 삼성역섬유센터R점,자몽 허니 블랙 티,"5,700",https://img1.kakaocdn.net/cthumb/local/C212x180.q50/?fname=http%3A%2F%2Ft1.daumcdn.net%2Fplace%2FCBFA40B5DEC246478F34C0D40D183067
2002518777,스타벅스 삼성역섬유센터R점,콜드 브루,"4,900",https://img1.kakaocdn.net/cthumb/local/C212x180.q50/?fname=http%3A%2F%2Ft1.daumcdn.net%2Fplace%2F855A36C2EF76467DA1B3EA92E1A74FC7
2002518777,스타벅스 삼성역섬유센터R점,디카페인 카페 아메리카노,"4,800",https://img1.kakaocdn.net/cthumb/local/C212x180.q50/?fname=http%3A%2F%2Ft1.daumcdn.net%2Fplace%2FCA0F634BDDCD476ABF296D2C8A2CD08E
2002518777,스타벅스 삼성역섬유센터R점,디카페인 카페 라떼,"5,300",https://img1.kakaocdn.net/cthumb/local/C212x180.q50/?fname=http%3A%2F%2Ft1.daumcdn.net%2Fplace%2FD4AAE5508D3F4338AD9DE0779A45F213
2002518777,스타벅스 삼성역섬유센터R점,제주 말차 라떼,"6,100",https://img1.kakaocdn.net/cthumb/local/C212x180.q50/?fname=http%3A%2F%2Ft1.daumcdn.net%2Fplace%2F55BB8D30CFD441DC9B5B2AA8AB4FFA0D
2002518777,스타벅스 삼성역섬유센터R점,돌체 콜드 브루,"6,000",https://img1.kakaocdn.net/cthumb/local/C212x180.q50/?fname=http%3A%2F%2Ft1.daumcdn.net%2Fplace%2F1747826DB8AE4DAFA836E17B97A28AD6
464459116,김경필차돌삼합마당,냉동삼겹(1인),"17,900",
464459116,김경필차돌삼합마당,차돌삼합(1인),"19,000",
464459116,김경필차돌삼합마당,생삼겹살(1인),"12,000",
9068915,백암왕순대,순대국,"9,000",
9068915,백암왕순대,순대국 특,"12,000",
9068915,백암왕순대,얼큰이,"12,000",
9068915,백암왕순대,오소리,"15,000",
9068915,백암왕순대,술국,"20,000",
9068915,백암왕순대,토종순대,"15,000",
9068915,백암왕순대,토종순대 특,"20,000",
9068915,백암왕순대,수육,"25,000",
9068915,백암왕순대,수육 특,"30,000",
9068915,백암왕순대,모듬,"35,000",
15790480,전주콩나물국밥 오금점,콩나물국밥,"7,000",
15790480,전주콩나물국밥 오금점,돌솥비빔밥,"8,000",
15790480,전주콩나물국밥 오금점,버섯육계장,"8,000",
15790480,전주콩나물국밥 오금점,버섯들깨탕,"9,000",
15790480,전주콩나물국밥 오금점,소불고기,"9,000",
15790480,전주콩나물국밥 오금점,호박부추전,"12,000",
15790480,전주콩나물국밥 오금점,콩김치전,"10,000",
15790480,전주콩나물국밥 오금점,콩국수,"9,000",
209228708,설빙 서초남부터미널점,인절미설빙,"8,900",https://img1.kakaocdn.net/cthumb/local/C212x180.q50/?fname=http%3A%2F%2Ft1.kakaocdn.net%2Fmystore%2F637F0F35042B4BEE9E264A89C7E49CD5
198442459,리틀주니어도넛,클래식 도넛,"2,500",
198442459,리틀주니어도넛,리틀 핑크 도넛,"4,500",
198442459,리틀주니어도넛,베이컨 카라멜 쥬니어 도넛,"4,800",
198442459,리틀주니어도넛,누텔라 크런치 도넛,"4,300",
198442459,리틀주니어도넛,딸기 치즈 케이크 도넛,"4,100",
198442459,리틀주니어도넛,블루베리 치즈케이크 도넛,"4,100",
198442459,리틀주니어도넛,초코퍼지 크림치즈케이크 도넛,"4,100",
198442459,리틀주니어도넛,오레오 크림 도넛,"3,800",
198442459,리틀주니어도넛,딸기 바바 도넛,"3,900",
198442459,리틀주니어도넛,초콜렛 바바 도넛,"3,900",
198442459,리틀주니어도넛,스노우 화이트 도넛,"3,500",
198442459,리틀주니어도넛,망고 구아바 바나나 패션프루츠 에이드,"4,200",
198442459,리틀주니어도넛,라임 블루큐라소 에이드,"4,200",
198442459,리틀주니어도넛,블랙베리 라즈베리 키위 에이드,"4,200",
198442459,리틀주니어도넛,망고 패션프루츠 에이드,"4,200",
198442459,리틀주니어도넛,바나나 오렌지 복숭아 에이드,"4,200",
198442459,리틀주니어도넛,딸기 민트 에이드,"4,200",
198442459,리틀주니어도넛,딸기 블랙베리 라즈베리 키위 에이드,"4,200",
198442459,리틀주니어도넛,Americano,"1,500",
198442459,리틀주니어도넛,Latte,"2,900",
198442459,리틀주니어도넛,Mocha,"3,800",
198442459,리틀주니어도넛,Lavender Latte,"3,500",
198442459,리틀주니어도넛,Lotus Biscoff,"4,300",
198442459,리틀주니어도넛,Creamycano,"2,400",
198442459,리틀주니어도넛,Creamycano Cinnamon,"2,700",
198442459,리틀주니어도넛,Creamycano Lavender,"2,700",
198442459,리틀주니어도넛,Creamycano Irish,"2,700",
198442459,리틀주니어도넛,Creamycano Hazelnut,"2,700",
26431943,백억하누 강남본점,백억 전복 삼합 (중) 2~3인,"119,000",https://img1.kakaocdn.net/cthumb/local/C212x180.q50/?fname=http%3A%2F%2Ft1.daumcdn.net%2Flocalad_thumb%2Ft%2Ffe998168a668fad84f9854c984c41238e6272e08
26431943,백억하누 강남본점,백억 전복 삼합 (대) 3~4인,"159,000",https://img1.kakaocdn.net/cthumb/local/C212x180.q50/?fname=http%3A%2F%2Ft1.daumcdn.net%2Flocalad_thumb%2Ft%2F1db10c157f912ee6f3a5db45611a5a1b22973307
26431943,백억하누 강남본점,백억 전복 삼합 (소) 2인,"89,000",https://img1.kakaocdn.net/cthumb/local/C212x180.q50/?fname=http%3A%2F%2Ft1.daumcdn.net%2Flocalad_thumb%2Ft%2F64e75db790c2403ec08ca61e9be29a3efe9f347e
26431943,백억하누 강남본점,백억 한우 1++ 차돌박이 (120g),"28,000",https://img1.kakaocdn.net/cthumb/local/C212x180.q50/?fname=http%3A%2F%2Ft1.daumcdn.net%2Flocalad_thumb%2Ft%2F579090ccefad12852d493404b30afa61dc60adda
26431943,백억하누 강남본점,백억 한우 1++ 차돌박이 (한판),"65,000",https://img1.kakaocdn.net/cthumb/local/C212x180.q50/?fname=http%3A%2F%2Ft1.daumcdn.net%2Flocalad_thumb%2Ft%2F276f3df0f460227b84c2e9963e54abfa2ac6dcb4
26431943,백억하누 강남본점,백억 한우 1++ 차돌박이 (두판),"129,000",https://img1.kakaocdn.net/cthumb/local/C212x180.q50/?fname=http%3A%2F%2Ft1.daumcdn.net%2Flocalad_thumb%2Ft%2F96cacaa1556d8671aa0fcb15556df3c5568b23ff
26431943,백억하누 강남본점,황제 세트,"368,000",https://img1.kakaocdn.net/cthumb/local/C212x180.q50/?fname=http%3A%2F%2Ft1.daumcdn.net%2Flocalad_thumb%2Ft%2F8ea1ec8b9721cd7e7d9738a0dc99cf13f66e019b
26431943,백억하누 강남본점,하누 세트,"286,000",https://img1.kakaocdn.net/cthumb/local/C212x180.q50/?fname=http%3A%2F%2Ft1.daumcdn.net%2Flocalad_thumb%2Ft%2F3c0b1efeb17b78c7293f0b09a476c1f84db45c64
26431943,백억하누 강남본점,억 세트,"221,000",https://img1.kakaocdn.net/cthumb/local/C212x180.q50/?fname=http%3A%2F%2Ft1.daumcdn.net%2Flocalad_thumb%2Ft%2F6eed7d270cfd624ef7bdcd3ab3e038a45c8b0868
26431943,백억하누 강남본점,백 세트,"175,000",https://img1.kakaocdn.net/cthumb/local/C212x180.q50/?fname=http%3A%2F%2Ft1.daumcdn.net%2Flocalad_thumb%2Ft%2Fa3dbb67afdce9d3739700ffe329a98ac4dcf1828
26431943,백억하누 강남본점,1++ 한우 살치살 1인분 (120g),"68,500",https://img1.kakaocdn.net/cthumb/local/C212x180.q50/?fname=http%3A%2F%2Ft1.daumcdn.net%2Flocalad_thumb%2Ft%2Fbf3d953ba06fe1231ec7690d30525100aeca7986
26431943,백억하누 강남본점,1++ 한우 꽃등심 1인분 (120g),"49,000",https://img1.kakaocdn.net/cthumb/local/C212x180.q50/?fname=http%3A%2F%2Ft1.daumcdn.net%2Flocalad_thumb%2Ft%2F8beab434dd1840eaca073e22b27aa6e594c004e2
26431943,백억하누 강남본점,1++ 한우 양념구이 1인분 (120g),"46,500",https://img1.kakaocdn.net/cthumb/local/C212x180.q50/?fname=http%3A%2F%2Ft1.daumcdn.net%2Flocalad_thumb%2Ft%2F72809424c19b92a43f028e2548fc43a6aae5bec8
26431943,백억하누 강남본점,1++ 한우 육회 200g,"41,500",https://img1.kakaocdn.net/cthumb/local/C212x180.q50/?fname=http%3A%2F%2Ft1.daumcdn.net%2Flocalad_thumb%2Ft%2F4f8b7853775de953d99b3ecc5114c0b2b67a1239
26431943,백억하누 강남본점,서울식 투뿔 한우 불고기,"29,000",https://img1.kakaocdn.net/cthumb/local/C212x180.q50/?fname=http%3A%2F%2Ft1.daumcdn.net%2Flocalad_thumb%2Ft%2F0d5c5336dfcb8427ebef82b93c40125ebf0c2e05
26431943,백억하누 강남본점,완도산 활전복 3미,"27,000",https://img1.kakaocdn.net/cthumb/local/C212x180.q50/?fname=http%3A%2F%2Ft1.daumcdn.net%2Flocalad_thumb%2Ft%2F2851abf0e9a24df539e4a8a4bdc44a36607bcd03
26431943,백억하누 강남본점,완도산 활전복 6미,"53,000",https://img1.kakaocdn.net/cthumb/local/C212x180.q50/?fname=http%3A%2F%2Ft1.daumcdn.net%2Flocalad_thumb%2Ft%2F9d98406aa10d2e7783a1f720688505f0d03e5d88
26431943,백억하누 강남본점,꽃 갈비세트,"165,000",https://img1.kakaocdn.net/cthumb/local/C212x180.q50/?fname=http%3A%2F%2Ft1.kakaocdn.net%2Fmystore%2F6DD1D2277116472A9AA6228BA51099FE
2010129697,롤리폴리 꼬또Hall,명란부추 페투치네,"20,800",https://img1.kakaocdn.net/cthumb/local/C212x180.q50/?fname=http%3A%2F%2Ft1.kakaocdn.net%2Fmystore%2F2C05B5DD81D441BCB1484655B414EE9B
2010129697,롤리폴리 꼬또Hall,트러플 크림 뇨끼,"20,800",
2010129697,롤리폴리 꼬또Hall,라자냐,"21,800",
2010129697,롤리폴리 꼬또Hall,살치살 크림 파케리(비프스트로가노프),"21,800",
2010129697,롤리폴리 꼬또Hall,관자바질스파게티,"20,800",
2010129697,롤리폴리 꼬또Hall,포모도로,"18,800",
2010129697,롤리폴리 꼬또Hall,치킨토마토리조또,"18,800",
2010129697,롤리폴리 꼬또Hall,페퍼&밀크 리조또,"17,800",
2010129697,롤리폴리 꼬또Hall,샐러드씬피자,"23,800",
2010129697,롤리폴리 꼬또Hall,삭슈카(에그인헬),"16,800",
2010129697,롤리폴리 꼬또Hall,부라타치즈 샐러드,"19,800",
2010129697,롤리폴리 꼬또Hall,아메리카노,"4,800",
2010129697,롤리폴리 꼬또Hall,카페라떼,"5,800",
2010129697,롤리폴리 꼬또Hall,바닐라라떼,"5,800",
2010129697,롤리폴리 꼬또Hall,코코넛라떼(only ice),"6,800",
2010129697,롤리폴리 꼬또Hall,크로플&하겐다즈,"7,800",
2010129697,롤리폴리 꼬또Hall,티라미수,"8,800",
2010129697,롤리폴리 꼬또Hall,에그타르트,"2,800",
2010129697,롤리폴리 꼬또Hall,하동매실&토마토에이드,"6,800",
2010129697,롤리폴리 꼬또Hall,복숭아&오렌지에이드,"6,800",
1277534745,술있는식탁,마장동 김부각육회,"20,000",https://img1.kakaocdn.net/cthumb/local/C212x180.q50/?fname=http%3A%2F%2Ft1.kakaocdn.net%2Fmystore%2F60C1F5FB66674C49914D6848116CF7E0
1277534745,술있는식탁,크림떡볶이,"19,000",https://img1.kakaocdn.net/cthumb/local/C212x180.q50/?fname=http%3A%2F%2Ft1.kakaocdn.net%2Fmystore%2FB45F07A8D483484B8EB024BB83907D58
1277534745,술있는식탁,바지락술찜,"16,000",https://img1.kakaocdn.net/cthumb/local/C212x180.q50/?fname=http%3A%2F%2Ft1.kakaocdn.net%2Fmystore%2FFC4BB192CEE94FC6B226991205F73022
169794164,화덕닭갈비 양재직영점,고추장 닭갈비 (1인분),"13,000",
169794164,화덕닭갈비 양재직영점,간장 닭갈비 (1인분),"13,000",
169794164,화덕닭갈비 양재직영점,소금 닭갈비 (1인분),"13,000",
169794164,화덕닭갈비 양재직영점,뼈없는 닭발 (1인분),"13,000",
169794164,화덕닭갈비 양재직영점,쟁반막국수,"13,000",
2027235315,자매분식,신라면,"4,000",
2027235315,자매분식,너구리,"4,000",
2027235315,자매분식,우동,"5,000",
2027235315,자매분식,라볶이,"5,000",
2027235315,자매분식,김치찜,"8,000",
2027235315,자매분식,순두부,"8,000",
2027235315,자매분식,육개장,"8,000",
2027235315,자매분식,김치찌개,"6,000",
2027235315,자매분식,된장찌개,"6,000",
2027235315,자매분식,비빔밥,"6,000",
2027235315,자매분식,제육볶음밥,"8,000",
2027235315,자매분식,김치볶음밥,"6,000",
2027235315,자매분식,김치참치볶음밥,"7,000",
2027235315,자매분식,계란볶음밥,"6,000",
2027235315,자매분식,야채김밥,"3,500",
2027235315,자매분식,치즈김밥,"4,000",
2027235315,자매분식,멸치김밥,"4,500",
2027235315,자매분식,소고기김밥,"4,500",
2027235315,자매분식,참치김밥,"4,000",
2027235315,자매분식,만두라면,"4,500",
7900414,본죽 삼전동점,단호박죽,"10,500",https://img1.kakaocdn.net/cthumb/local/C212x180.q50/?fname=http%3A%2F%2Ft1.daumcdn.net%2Fplace%2FB403CF465F0D4C34BEE9E4C343DA1744
7900414,본죽 삼전동점,낙지김치죽,"11,000",https://img1.kakaocdn.net/cthumb/local/C212x180.q50/?fname=http%3A%2F%2Ft1.daumcdn.net%2Fplace%2F0BA02E957E174449A50305FD0DB61909
7900414,본죽 삼전동점,삼계죽,"12,000",https://img1.kakaocdn.net/cthumb/local/C212x180.q50/?fname=http%3A%2F%2Ft1.daumcdn.net%2Fplace%2F7A2A9F736A1E4E31819D8F1FE67E4BE4
7900414,본죽 삼전동점,전복죽,"13,000",https://img1.kakaocdn.net/cthumb/local/C212x180.q50/?fname=http%3A%2F%2Ft1.daumcdn.net%2Fplace%2FD420E89220EB4AAD97E222850CDAC32F
7900414,본죽 삼전동점,쇠고기야채죽,"11,500",https://img1.kakaocdn.net/cthumb/local/C212x180.q50/?fname=http%3A%2F%2Ft1.daumcdn.net%2Fplace%2F16BA67D79417413181ACD2959A8C0C1B
7900414,본죽 삼전동점,신짬뽕죽,"11,500",https://img1.kakaocdn.net/cthumb/local/C212x180.q50/?fname=http%3A%2F%2Ft1.daumcdn.net%2Fplace%2F28D8B5DC36FD4A12AA9D5328D4A7440A
7900414,본죽 삼전동점,새우죽,"9,500",https://img1.kakaocdn.net/cthumb/local/C212x180.q50/?fname=http%3A%2F%2Ft1.daumcdn.net%2Fplace%2FAE6A0CF0C2254DCDA5E04A60EB2D67F7
7900414,본죽 삼전동점,매생이굴죽,"11,500",https://img1.kakaocdn.net/cthumb/local/C212x180.q50/?fname=http%3A%2F%2Ft1.daumcdn.net%2Fplace%2F55ECF18CCFB44B96A68AEE2B17384C83
7900414,본죽 삼전동점,단팥죽,"10,500",https://img1.kakaocdn.net/cthumb/local/C212x180.q50/?fname=http%3A%2F%2Ft1.daumcdn.net%2Fplace%2F2E16CA6E069A4C159E5CDB35AA9F7993
7900414,본죽 삼전동점,녹두죽,"9,000",https://img1.kakaocdn.net/cthumb/local/C212x180.q50/?fname=http%3A%2F%2Ft1.daumcdn.net%2Fplace%2FA14CB0A7517045B5A53CF3292E0CCA69
1702987004,대동천,짜장면,"8,000",https://img1.kakaocdn.net/cthumb/local/C212x180.q50/?fname=http%3A%2F%2Ft1.kakaocdn.net%2Fmystore%2FC7B098E376B54454A01EBECA2D8A2A39
1702987004,대동천,짬뽕,"9,000",
1702987004,대동천,탕수육,"30,000",
1702987004,대동천,볶음밥,"10,000",
59097247,팀스쿡 구의점,포모도로,"15,000",
59097247,팀스쿡 구의점,아마트리치아나,"15,000",
59097247,팀스쿡 구의점,크로산테,"16,000",
59097247,팀스쿡 구의점,디마레 토마토,"17,000",
59097247,팀스쿡 구의점,스캄피,"16,000",
322770367,접객 선릉본점,모든마른안주,,
322770367,접객 선릉본점,먹태,,
322770367,접객 선릉본점,타코와사비,,
322770367,접객 선릉본점,모듬마른안주,,
322770367,접객 선릉본점,아귀포,,
322770367,접객 선릉본점,모듬감자튀김,,
322770367,접객 선릉본점,이까게소,,
322770367,접객 선릉본점,나가사키짬뽕,,
322770367,접객 선릉본점,치킨가라아게,,
322770367,접객 선릉본점,매운불짬뽕,,
322770367,접객 선릉본점,케이준치킨샐러드,,
322770367,접객 선릉본점,샐러드,,
322770367,접객 선릉본점,치킨샐러드,,
322770367,접객 선릉본점,간사이오뎅탕,,
322770367,접객 선릉본점,미니오꼬노미야끼,,
322770367,접객 선릉본점,돼지고기숙주볶음,,
322770367,접객 선릉본점,까르보나라,,
322770367,접객 선릉본점,새우오일파스타,,
322770367,접객 선릉본점,카레돈까스,,
322770367,접객 선릉본점,김치전골,,
322770367,접객 선릉본점,모든고로케,,
322770367,접객 선릉본점,모듬고로케,,
322770367,접객 선릉본점,고로케,,
322770367,접객 선릉본점,매운국물떡볶이,,
322770367,접객 선릉본점,크림순살치킨,,
322770367,접객 선릉본점,치킨,,
322770367,접객 선릉본점,닭똥집볶음,,
322770367,접객 선릉본점,골뱅이소면,,
322770367,접객 선릉본점,반건조오징어,,
322770367,접객 선릉본점,무뼈닭발,,
322770367,접객 선릉본점,고르곤졸라피자,,
322770367,접객 선릉본점,제육볶음,,
27401666,빽다방 왕십리역점,레몬얼그레이티,,https://img1.kakaocdn.net/cthumb/local/C212x180.q50/?fname=http%3A%2F%2Ft1.daumcdn.net%2Fplace%2FF5270CE8A8FC4CE0B37F03E1E2B156D6
27401666,빽다방 왕십리역점,카페라떼,,https://img1.kakaocdn.net/cthumb/local/C212x180.q50/?fname=http%3A%2F%2Ft1.daumcdn.net%2Fplace%2FD428740FE0974BBB9E1C1C53832D44FC
27401666,빽다방 왕십리역점,체리콕콕,,https://img1.kakaocdn.net/cthumb/local/C212x180.q50/?fname=http%3A%2F%2Ft1.daumcdn.net%2Fplace%2F7A01BB7DF45A4C729115664735E7C9DA
27401666,빽다방 왕십리역점,토피넛라떼,,https://img1.kakaocdn.net/cthumb/local/C212x180.q50/?fname=http%3A%2F%2Ft1.daumcdn.net%2Fplace%2F098B140AE099482E836404443040227F
27401666,빽다방 왕십리역점,녹차라떼,,https://img1.kakaocdn.net/cthumb/local/C212x180.q50/?fname=http%3A%2F%2Ft1.daumcdn.net%2Fplace%2F389EBA0B44A648139DC65B7B96964923
27401666,빽다방 왕십리역점,퐁당치노(미숫가루),,https://img1.kakaocdn.net/cthumb/local/C212x180.q50/?fname=http%3A%2F%2Ft1.daumcdn.net%2Fplace%2FDD08378F87204BDB84A31509CFAAEC0B
27401666,빽다방 왕십리역점,퐁당치노(원조커피),,https://img1.kakaocdn.net/cthumb/local/C212x180.q50/?fname=http%3A%2F%2Ft1.daumcdn.net%2Fplace%2F6D5E8DBB899A4299979D1F93D80819F9
27401666,빽다방 왕십리역점,퐁당치노(바닐라),,https://img1.kakaocdn.net/cthumb/local/C212x180.q50/?fname=http%3A%2F%2Ft1.daumcdn.net%2Fplace%2F4F5317BE70AA48A6ACA6C78D6CD35438
27401666,빽다방 왕십리역점,바나나 밀크쉐이크,,https://img1.kakaocdn.net/cthumb/local/C212x180.q50/?fname=http%3A%2F%2Ft1.daumcdn.net%2Fplace%2FBF52B03CC1404B4EA57C4271082EA583
27401666,빽다방 왕십리역점,고구마스무디,,https://img1.kakaocdn.net/cthumb/local/C212x180.q50/?fname=http%3A%2F%2Ft1.daumcdn.net%2Fplace%2F8BB4F96DC22E4870ACF0027BEEBD84AB
27401666,빽다방 왕십리역점,깔라만시스무디,,https://img1.kakaocdn.net/cthumb/local/C212x180.q50/?fname=http%3A%2F%2Ft1.daumcdn.net%2Fplace%2FF976515ECBD54376827AB9CDCA104CF7
27401666,빽다방 왕십리역점,쿨라임에이드,,https://img1.kakaocdn.net/cthumb/local/C212x180.q50/?fname=http%3A%2F%2Ft1.daumcdn.net%2Fplace%2F84CB16F815514F11B2081966398E8B73
27401666,빽다방 왕십리역점,미숫가루,,https://img1.kakaocdn.net/cthumb/local/C212x180.q50/?fname=http%3A%2F%2Ft1.daumcdn.net%2Fplace%2FC090EB4D0EEF4B158B9C3D494345661A
27401666,빽다방 왕십리역점,콜드브루,,https://img1.kakaocdn.net/cthumb/local/C212x180.q50/?fname=http%3A%2F%2Ft1.daumcdn.net%2Fplace%2FB70AE7B093454584827BAEC8A16AC880
27401666,빽다방 왕십리역점,아이스티샷추가,,https://img1.kakaocdn.net/cthumb/local/C212x180.q50/?fname=http%3A%2F%2Ft1.daumcdn.net%2Fplace%2F53D252DE693542719C42DD7DDF1061A5
27401666,빽다방 왕십리역점,아메리카노,,https://img1.kakaocdn.net/cthumb/local/C212x180.q50/?fname=http%3A%2F%2Ft1.daumcdn.net%2Fplace%2F5A8F2F18EB104672A6C9FDA4EE029EA4
27401666,빽다방 왕십리역점,원조커피,,https://img1.kakaocdn.net/cthumb/local/C212x180.q50/?fname=http%3A%2F%2Ft1.daumcdn.net%2Fplace%2F16992983A2884F399CD6B6ADE46EB624
27401666,빽다방 왕십리역점,더블에스프레소,,https://img1.kakaocdn.net/cthumb/local/C212x180.q50/?fname=http%3A%2F%2Ft1.daumcdn.net%2Fplace%2FED3308BD59904D4C838BFFE1D19CD676
27401666,빽다방 왕십리역점,달달연유라떼,,https://img1.kakaocdn.net/cthumb/local/C212x180.q50/?fname=http%3A%2F%2Ft1.daumcdn.net%2Fplace%2F4A2123D7380E4A74ADBD21046760923E
27401666,빽다방 왕십리역점,바닐라라떼,,https://img1.kakaocdn.net/cthumb/local/C212x180.q50/?fname=http%3A%2F%2Ft1.daumcdn.net%2Fplace%2F969B1506434249C5B145F85457654842
27401666,빽다방 왕십리역점,청포도에이드,,https://img1.kakaocdn.net/cthumb/local/C212x180.q50/?fname=http%3A%2F%2Ft1.daumcdn.net%2Fplace%2F31FFD65974DA4D1DA80CEACE87FF3B19
271081505,셀렉커피랩,1인용 팥빙수 NEW ( 할인중)_진짜 빙수같음주의(팥빙수),"5,800",https://img1.kakaocdn.net/cthumb/local/C212x180.q50/?fname=http%3A%2F%2Ft1.kakaocdn.net%2Fmystore%2F7755F10520F74A25899F27B0335570FD
271081505,셀렉커피랩,1인용 캔망고빙수 NEW (할인중)_진짜빙수같음주의(망고빙수),"6,000",https://img1.kakaocdn.net/cthumb/local/C212x180.q50/?fname=http%3A%2F%2Ft1.kakaocdn.net%2Fmystore%2F6A716B2B0C204B019A77FBE05A8B2FC4
271081505,셀렉커피랩,셀렉토스트 NEW + (셀렉크림),"3,800",https://img1.kakaocdn.net/cthumb/local/C212x180.q50/?fname=http%3A%2F%2Ft1.kakaocdn.net%2Fmystore%2FF8FB86749D0E4C5081C8E8A4A288BA04
271081505,셀렉커피랩,셀렉커피 (더치커피에 크림이~),"5,300",https://img1.kakaocdn.net/cthumb/local/C212x180.q50/?fname=http%3A%2F%2Ft1.kakaocdn.net%2Fmystore%2F145682F39D864192AA485FF849679F4C
271081505,셀렉커피랩,셀렉라떼 (더치커피에 크림이~),"5,600",https://img1.kakaocdn.net/cthumb/local/C212x180.q50/?fname=http%3A%2F%2Ft1.kakaocdn.net%2Fmystore%2F12DF2D7CD02E411C81BB67758E501306
271081505,셀렉커피랩,셀렉 바닐라라떼 _ 아바라 러버들은 환장할 맛,"5,300",https://img1.kakaocdn.net/cthumb/local/C212x180.q50/?fname=http%3A%2F%2Ft1.kakaocdn.net%2Fmystore%2F0D0943CD84FF4736A9E3468182D067C1
271081505,셀렉커피랩,오피스라떼 _ (옛날커피 느낌의 달달함),"5,000",https://img1.kakaocdn.net/cthumb/local/C212x180.q50/?fname=http%3A%2F%2Ft1.kakaocdn.net%2Fmystore%2F8A8E2216061F46159A05474604C8D2F2
271081505,셀렉커피랩,올때 메로나 라떼 [강추],"5,500",https://img1.kakaocdn.net/cthumb/local/C212x180.q50/?fname=http%3A%2F%2Ft1.kakaocdn.net%2Fmystore%2F1D3A82FD4A5C431587B11265DE6EE8C5
271081505,셀렉커피랩,퍼플 플라워 에이드 [완전강추]_ 에이드최강,"5,600",https://img1.kakaocdn.net/cthumb/local/C212x180.q50/?fname=http%3A%2F%2Ft1.kakaocdn.net%2Fmystore%2FA4D8E6592C9F4F62994705C295B98723
271081505,셀렉커피랩,퍼플자몽에이드 NEW _ (달콤새콤그자체),"5,900",https://img1.kakaocdn.net/cthumb/local/C212x180.q50/?fname=http%3A%2F%2Ft1.kakaocdn.net%2Fmystore%2FB35CD27FF4BF4884A6E96BBDE3EDEA3F
271081505,셀렉커피랩,체리블러드에이드 _ [진한체리맛],"5,500",https://img1.kakaocdn.net/cthumb/local/C212x180.q50/?fname=http%3A%2F%2Ft1.kakaocdn.net%2Fmystore%2FA9F106A85D2A4ED8A7EA1ABF9B879267
271081505,셀렉커피랩,피치코랄 플라워티 [주문폭주++]_ 잊지못할 맛,"5,600",https://img1.kakaocdn.net/cthumb/local/C212x180.q50/?fname=http%3A%2F%2Ft1.kakaocdn.net%2Fmystore%2F189FDF322B144CD3B3F67FBB9D8893EB
271081505,셀렉커피랩,망고탱고 플라워티 [인기메뉴] _색다른달달한 아이스티,"5,600",https://img1.kakaocdn.net/cthumb/local/C212x180.q50/?fname=http%3A%2F%2Ft1.kakaocdn.net%2Fmystore%2FA84ABB4362564FFD9F385D1EB6611121
271081505,셀렉커피랩,민트애플 플라워티__새콤달콤아이스티,"5,600",https://img1.kakaocdn.net/cthumb/local/C212x180.q50/?fname=http%3A%2F%2Ft1.kakaocdn.net%2Fmystore%2FDD4C99B7232448A4B13992862DB08C75
448435674,익선동121 NC송파점,익선 121 돈까스,"13,000",
448435674,익선동121 NC송파점,제육 부추된장비빔밥,"10,000",
448435674,익선동121 NC송파점,양지 부추된장비빔밥,"10,000",
448435674,익선동121 NC송파점,바삭한 치킨 커리,"10,000",
448435674,익선동121 NC송파점,토마토 소고기 커리,"10,000",
823873352,스시우즈,모둠사시미(중),"45,000",
823873352,스시우즈,후토마끼 4개,"14,900",
823873352,스시우즈,마구로마끼 8개,"28,900",
823873352,스시우즈,가라아게 6개,"8,900",
823873352,스시우즈,야끼교자 4개,"5,900",
823873352,스시우즈,모단야끼,"16,900",
823873352,스시우즈,스키야키,"27,900",
823873352,스시우즈,스키야키우동,"27,900",
823873352,스시우즈,안키모,"13,900",
823873352,스시우즈,돈부리,"7,900",
16441819,자매식당,오징어볶음 (2인이상),"11,000",
16441819,자매식당,부대찌개 (2인이상),"11,000",
16441819,자매식당,생선구이,"11,000",
16441819,자매식당,제육볶음,"11,000",
16441819,자매식당,김치찌개,"9,000",
16441819,자매식당,오제볶음 (2인이상),"11,000",
16441819,자매식당,된장찌개,"9,000",
16441819,자매식당,청국장,"9,000",
16441819,자매식당,백반,"8,000",
16441819,자매식당,생등심(200g),"35,000",
16441819,자매식당,삼겹살(200g),"17,000",
16441819,자매식당,차돌박이(200g),"30,000",
16441819,자매식당,토종닭,"55,000",
16441819,자매식당,닭볶음탕,"45,000",
1396867918,우뚝소곱창 강남구청역점,우뚝한판 (중),"62,000",
1396867918,우뚝소곱창 강남구청역점,한우소알곱창구이,"28,000",
1396867918,우뚝소곱창 강남구청역점,소대창구이,"25,000",
1396867918,우뚝소곱창 강남구청역점,소막창구이,"25,000",
1396867918,우뚝소곱창 강남구청역점,염통 스테이크,"18,000",
847594429,카츠오도 양재점,히레카츠,"15,000",
847594429,카츠오도 양재점,로스카츠,"14,000",
847594429,카츠오도 양재점,상로스카츠,"15,000",
1540607938,세인양꼬치,양꼬치 (1인분),"13,000",
1540607938,세인양꼬치,카레양꼬치 (1인분),"14,000",
1540607938,세인양꼬치,해션가지 (소),"18,000",
1540607938,세인양꼬치,개구리다리,"18,000",
1540607938,세인양꼬치,마라볶음밥,"8,000",
1208902654,재수돈감자탕 왕십리점,감자탕(소),"25,000",
1208902654,재수돈감자탕 왕십리점,코다리찜(소),"27,000",
1208902654,재수돈감자탕 왕십리점,뼈찜(소),"27,000",
1208902654,재수돈감자탕 왕십리점,뼈해장국,"8,000",
1208902654,재수돈감자탕 왕십리점,특뼈해장국,"10,000",
2078163250,왕삼겹촌돼지,숙성오겹살(180g),"18,000",
2078163250,왕삼겹촌돼지,돼지모듬구이(450g),"43,000",
2078163250,왕삼겹촌돼지,숙성삼겹살(180g),"16,000",
2078163250,왕삼겹촌돼지,숙성목살(180g),"16,000",
2078163250,왕삼겹촌돼지,꽃항정살(160g),"18,000",
2078163250,왕삼겹촌돼지,제주천겹살(160g),"17,000",
2078163250,왕삼겹촌돼지,제주덜미살(꼬들살)(160g),"17,000",
2078163250,왕삼겹촌돼지,제주돈차돌(160g),"17,000",
2078163250,왕삼겹촌돼지,한우살치살1++(140g),"45,000",
2078163250,왕삼겹촌돼지,한우꽃등심1++(140g),"45,000",
2078163250,왕삼겹촌돼지,생고기김치찌개,"9,000",
2078163250,왕삼겹촌돼지,철판두루치기(2인이상),"9,000",
2078163250,왕삼겹촌돼지,생고기묵은지찜(2인이상),"9,000",
2078163250,왕삼겹촌돼지,고등어묵은지찜(2인이상),"9,000",
2078163250,왕삼겹촌돼지,계란말이,"7,000",
2078163250,왕삼겹촌돼지,계란찜,"6,000",
2078163250,왕삼겹촌돼지,누룽지탕,"6,000",
2078163250,왕삼겹촌돼지,치즈볶음밥(모짜렐라),"4,000",
2078163250,왕삼겹촌돼지,볶음밥,"3,000",
2078163250,왕삼겹촌돼지,된장찌개,"6,000",
2034160834,매머드익스프레스 경찰병원점,매머드 에이드,,
2034160834,매머드익스프레스 경찰병원점,청포도 에이드,,
2034160834,매머드익스프레스 경찰병원점,아메리카노,,
2034160834,매머드익스프레스 경찰병원점,꿀커피,,
2034160834,매머드익스프레스 경찰병원점,헤이즐넛 커피,,
2034160834,매머드익스프레스 경찰병원점,카페라떼,,
2034160834,매머드익스프레스 경찰병원점,꿀라떼,,
2034160834,매머드익스프레스 경찰병원점,헤이즐넛 라떼,,
2034160834,매머드익스프레스 경찰병원점,바닐라 라떼,,
2034160834,매머드익스프레스 경찰병원점,아몬드 라떼,,
2034160834,매머드익스프레스 경찰병원점,바나나 달달 커피,,
2034160834,매머드익스프레스 경찰병원점,베트남 연유 커피,,
2034160834,매머드익스프레스 경찰병원점,카페 모카,,
2034160834,매머드익스프레스 경찰병원점,그린티 샷 라떼,,
2034160834,매머드익스프레스 경찰병원점,콜드브루,,
2034160834,매머드익스프레스 경찰병원점,그린티 라떼,,
2034160834,매머드익스프레스 경찰병원점,토피넛 라떼,,
2034160834,매머드익스프레스 경찰병원점,딸기 밀크쉐이크,,
2034160834,매머드익스프레스 경찰병원점,초코 밀크쉐이크,,
2034160834,매머드익스프레스 경찰병원점,밀크 크레이프,,
902456640,디저트로이,아메리카노,"5,000",
902456640,디저트로이,벨기에 와플,"3,500",
10904419,투다리 마천2점,얼큰해물우동,,
10904419,투다리 마천2점,통마늘모래집볶음,,
10904419,투다리 마천2점,알탕,,
10904419,투다리 마천2점,김치우동,,
10904419,투다리 마천2점,투다리 모둠 오뎅탕,,
10904419,투다리 마천2점,염통꼬치,,
10904419,투다리 마천2점,모래집꼬치,,
10904419,투다리 마천2점,닭산적꼬치,,
10904419,투다리 마천2점,매운닭살꼬치,,
10904419,투다리 마천2점,은행꼬치,,
10904419,투다리 마천2점,소시지베이컨말이,,
10904419,투다리 마천2점,사천볶음밥,,
10904419,투다리 마천2점,매운닭발 꼬치,,
10904419,투다리 마천2점,팽이버섯말이,,
10904419,투다리 마천2점,닭껍질 꼬치,,
10904419,투다리 마천2점,매운 닭껍질 꼬치,,
10904419,투다리 마천2점,벌집껍데기볶음,,
10904419,투다리 마천2점,한치,,
10904419,투다리 마천2점,먹태,,
10904419,투다리 마천2점,반건오징어,,
1040959632,오늘맥주한잔,얼음생맥주,"3,500",
1040959632,오늘맥주한잔,진하이볼,"3,900",
1040959632,오늘맥주한잔,스노우치즈볼&프렌치프라이,"7,900",
1040959632,오늘맥주한잔,통새우 해물라면,"7,900",
1040959632,오늘맥주한잔,버터구이 진미 오징어,"8,900",
1040959632,오늘맥주한잔,매콤 짜파구리,"9,900",
1040959632,오늘맥주한잔,나쵸 페퍼로니 피자,"16,900",
1040959632,오늘맥주한잔,바나나 브륄레,"6,900",
1040959632,오늘맥주한잔,쟌슨빌소시지,"8,900",
1040959632,오늘맥주한잔,쥐포튀각,"8,900",
1040959632,오늘맥주한잔,멘보샤,"9,900",
1040959632,오늘맥주한잔,바삭문어튀김,"11,900",
1040959632,오늘맥주한잔,코코넛쉬림프,"11,900",
1040959632,오늘맥주한잔,크림치즈떡볶이,"9,900",
1040959632,오늘맥주한잔,매콤짜빠구리,"9,900",
1040959632,오늘맥주한잔,큐브치즈 플레이트,"9,900",
1040959632,오늘맥주한잔,건어물 플래터,"20,900",
1040959632,오늘맥주한잔,버팔로윙,"14,900",
1040959632,오늘맥주한잔,삐카츄우 돈까스,"12,900",
1040959632,오늘맥주한잔,오맥플래터,"24,900",
1040959632,오늘맥주한잔,해물크림뽕,"13,900",
50850878,고기두목 신사본점,목살(160g),"16,000",
50850878,고기두목 신사본점,삼겹살(160g),"16,000",
50850878,고기두목 신사본점,가브리살(140g),"18,000",
50850878,고기두목 신사본점,항정살(140g),"18,000",
50850878,고기두목 신사본점,껍데기(200g),"12,000",
14865460,시루향기 서울한남점,콩나물국밥,"7,000",
14865460,시루향기 서울한남점,비빔밥,"8,000",
14865460,시루향기 서울한남점,도토리묵밥,"8,000",
14865460,시루향기 서울한남점,삶은오징어,"10,000",
14865460,시루향기 서울한남점,한망미니족발(소),"8,000",
1096655342,문제적커피,아메리카노,"3,000",
1096655342,문제적커피,유자차,"3,300",
1096655342,문제적커피,캐모마일,"3,300",
1096655342,문제적커피,카페라떼,"4,000",
1096655342,문제적커피,자색고구마라떼,"4,000",
1096655342,문제적커피,딸기라떼(only iced),"4,200",
1096655342,문제적커피,자몽에이드,"4,300",
1096655342,문제적커피,바닐라라떼,"4,500",
1096655342,문제적커피,더치라떼,"5,300",
282055425,한남닭발,국물닭발,"18,000",
282055425,한남닭발,무뼈닭발,"16,000",
282055425,한남닭발,오돌뼈,"16,000",
282055425,한남닭발,오뎅탕,"15,000",
282055425,한남닭발,후라이드 치킨,"16,000",
967805270,엘벧엘,에스프레소,"3,000",
967805270,엘벧엘,아메리카노,"3,000",
967805270,엘벧엘,카페라떼,"4,000",
967805270,엘벧엘,연유라떼,"4,500",
967805270,엘벧엘,바닐라라떼,"4,500",
967805270,엘벧엘,플레인요거트,"4,800",
967805270,엘벧엘,블루베리/딸기요거트,"4,800",
967805270,엘벧엘,청포도에이드,"4,500",
967805270,엘벧엘,복숭아에이드,"4,500",
967805270,엘벧엘,체리에이드,"4,500",
967805270,엘벧엘,자몽에이드,"4,500",
967805270,엘벧엘,레몬에이드,"4,500",
967805270,엘벧엘,비타민에이드,"4,500",
967805270,엘벧엘,콜라겐에이드,"4,500",
705047942,스시이안 위례점,연어초밥,,
705047942,스시이안 위례점,광어초밥,,
705047942,스시이안 위례점,양념새우초밥,,
705047942,스시이안 위례점,간장새우초밥,,
705047942,스시이안 위례점,육회초밥,,
705047942,스시이안 위례점,구운새우초밥,,
705047942,스시이안 위례점,유부초밥,,
705047942,스시이안 위례점,계란초밥,,
705047942,스시이안 위례점,참치등살초밥,,
705047942,스시이안 위례점,초새우초밥,,
705047942,스시이안 위례점,타코와사비초밥,,
705047942,스시이안 위례점,모듬초밥,,
705047942,스시이안 위례점,모둠초밥,,
705047942,스시이안 위례점,이안스페셜초밥,,
705047942,스시이안 위례점,계란새우초밥,,
705047942,스시이안 위례점,새우튀김우동,,
705047942,스시이안 위례점,냉모밀,,
1734956714,카페드나탈리 역삼점,아메리카노,"4,000",
1734956714,카페드나탈리 역삼점,카페 라떼,"4,500",
1734956714,카페드나탈리 역삼점,아인슈페너,"4,800",
1734956714,카페드나탈리 역삼점,생 자몽,"5,000",
1734956714,카페드나탈리 역삼점,루이보스 밀크티,"5,000",
21535716,감촌순두부 고메이 494,순두부찌개,"12,000",
21535716,감촌순두부 고메이 494,굴순두부,"13,000",
21535716,감촌순두부 고메이 494,차돌순두부,"18,000",
21535716,감촌순두부 고메이 494,버섯김치찌개,"12,000",
21535716,감촌순두부 고메이 494,안주순두부,"27,000",
1769695958,이즈커피,에스프레소,,
1769695958,이즈커피,아메리카노,,
1769695958,이즈커피,카푸치노,,
1769695958,이즈커피,카페라떼,,
1769695958,이즈커피,바닐라라떼,,
1769695958,이즈커피,카페모카,,
1769695958,이즈커피,바닐라빈라떼,,
1769695958,이즈커피,연유라떼,,
1769695958,이즈커피,밀크티라떼,,
1769695958,이즈커피,초코라떼,,
1769695958,이즈커피,토피넛라떼,,
1769695958,이즈커피,그린티라떼,,
1769695958,이즈커피,녹차,,
1769695958,이즈커피,페퍼민트,,
1769695958,이즈커피,캐모마일,,
1769695958,이즈커피,유자차,,
1769695958,이즈커피,레몬차,,
1769695958,이즈커피,자몽차,,
1769695958,이즈커피,레모네이드,,
1769695958,이즈커피,자몽에이드,,
1769695958,이즈커피,청포도에이드,,
1769695958,이즈커피,달고나라떼,,
1769695958,이즈커피,아이스티,,
197218986,파리바게뜨 강남서초점,부드러운 정통우유식빵,,
197218986,파리바게뜨 강남서초점,바삭하게 그대로 토스트,,
197218986,파리바게뜨 강남서초점,호밀호두 플러스 식빵,,
197218986,파리바게뜨 강남서초점,달콤향긋한 시나몬식빵,,
197218986,파리바게뜨 강남서초점,귀리가득 홀그레인 오트식빵,,
197218986,파리바게뜨 강남서초점,갈릭버터바게뜨,,
197218986,파리바게뜨 강남서초점,추억의앙꼬빵,,
197218986,파리바게뜨 강남서초점,콤비네이션피자 바게뜨,,
197218986,파리바게뜨 강남서초점,사각사각 애플파이,,
197218986,파리바게뜨 강남서초점,상큼청사과 맘모스,,
197218986,파리바게뜨 강남서초점,사르르 연유수플레,,
197218986,파리바게뜨 강남서초점,호두아몬드 크림치즈빵,,
197218986,파리바게뜨 강남서초점,인절미 생크림 뉴욕롤,,
197218986,파리바게뜨 강남서초점,미니 소시지 페스츄리,,
197218986,파리바게뜨 강남서초점,우유 듬뿍 연유브레드,,
197218986,파리바게뜨 강남서초점,명품 고기잡채고로케,,
197218986,파리바게뜨 강남서초점,부드러운 시골 치즈빵,,
197218986,파리바게뜨 강남서초점,매콤 제육고로케,,
197218986,파리바게뜨 강남서초점,건강가득통밀브레드,,
197218986,파리바게뜨 강남서초점,우리밀을 더한 단팥빵 플러스,,
670711851,키,황태구이와 마요소스,"10,000",
670711851,키,남유럽식 토마토샐러드,"10,000",
670711851,키,키ki style 계란후라이와 토스트빵,"10,000",
670711851,키,버팔로 모짜렐라치즈,"13,000",
670711851,키,부라타치즈와 토마토샐러드,"13,000",
670711851,키,매콤달콤한 편육무침,"15,000",
670711851,키,남유럽식 문어샐러드,"15,000",
670711851,키,오뎅탕,"15,000",
670711851,키,콜드컷 모듬,"20,000",
25068739,심가네식당,헛개 오리 백숙,"60,000",
25068739,심가네식당,헛개 닭 백숙,"60,000",
25068739,심가네식당,옻 오리 백숙,"60,000",
25068739,심가네식당,옻 닭 백숙,"60,000",
25068739,심가네식당,닭볶음탕,"30,000",
25068739,심가네식당,삼계탕,"15,000",
25068739,심가네식당,오리로스 (1마리),"65,000",
25068739,심가네식당,생삼겹살 (1인),"16,000",
25068739,심가네식당,제육볶음,"20,000",
25068739,심가네식당,김치찌개,"20,000",
25068739,심가네식당,어묵탕,"15,000",
25068739,심가네식당,오징어순대,"18,000",
25068739,심가네식당,오징어+땅콩,"12,000",
25068739,심가네식당,먹태+땅콩,"13,000",
25068739,심가네식당,된장찌개 (점심특선),"8,000",
25068739,심가네식당,김치찌개 (점심특선),"8,000",
25068739,심가네식당,청국장 (점심특선),"8,000",
25068739,심가네식당,콩국수 (여름한정메뉴),"8,000",
25068739,심가네식당,잔치국수 (여름한정메뉴),"6,000",
25068739,심가네식당,열무국수 (여름한정메뉴),"6,000",
25068739,심가네식당,김치말이국수 (여름한정메뉴),"6,000",
27266634,후렌드치킨호프,후라이드 치킨 한마리,"11,000",
27266634,후렌드치킨호프,양념치킨 한마리,"12,000",
27266634,후렌드치킨호프,메밀전병,"11,000",
27266634,후렌드치킨호프,황도,"7,000",
27266634,후렌드치킨호프,먹태,"11,000",
195848094,디깅,치즈,"20,000",
195848094,디깅,과일,"20,000",
195848094,디깅,육포,"20,000",
195848094,디깅,한치 버터구이,"20,000",
195848094,디깅,모듬 소세지,"20,000",
561560327,호미호식 현대백화점무역센터점,등심블랙카츠,"12,000",
561560327,호미호식 현대백화점무역센터점,안심블랙카츠,"14,000",
561560327,호미호식 현대백화점무역센터점,치즈블랙카츠,"15,000",
561560327,호미호식 현대백화점무역센터점,등심블랙카츠 카레,"16,000",
561560327,호미호식 현대백화점무역센터점,안심블랙카츠 카레,"17,000",
561560327,호미호식 현대백화점무역센터점,치즈블랙카츠 카레,"17,000",
561560327,호미호식 현대백화점무역센터점,블랙 트러플 한우카츠 덮밥,"16,000",
561560327,호미호식 현대백화점무역센터점,호미호식 카레,"10,000",
561560327,호미호식 현대백화점무역센터점,블랙 트러플 한우카츠 카레,"18,000",
561560327,호미호식 현대백화점무역센터점,블랙 트러플 한우카츠,"16,000",
467025975,오블리비언,스몰디쉬,변동가격,
467025975,오블리비언,내추럴와인,변동가격,
2013091014,대박식당,목살김치찌개,,
2013091014,대박식당,해물순두부찌개,,
2013091014,대박식당,김치찌개,,
2013091014,대박식당,순두부찌개,,
2013091014,대박식당,생삼겹살,,
2013091014,대박식당,매콤닭볶음탕,,
2013091014,대박식당,비빔국수,,
2013091014,대박식당,제육쌈밥,,
2013091014,대박식당,닭갈비,,
2013091014,대박식당,김치말이국수,,
2013091014,대박식당,치즈불닭,,
16959712,베스트철판볶음밥,낙지철판,,
16959712,베스트철판볶음밥,곱창철판볶음,,
1027030650,라프웨더,에스프레소,"4,700",
1027030650,라프웨더,얼그레이 바닐라빈 라떼,"5,900",
1027030650,라프웨더,아메리카노,"5,000",
1027030650,라프웨더,카페라떼,"5,500",
1027030650,라프웨더,카푸치노,"5,700",
1027030650,라프웨더,바닐라라떼,"5,800",
1027030650,라프웨더,카페모카,"5,900",
1027030650,라프웨더,카라멜마끼아또,"5,900",
1027030650,라프웨더,녹차라떼,"6,000",
1027030650,라프웨더,쇼콜라쇼,"6,000",
1027030650,라프웨더,아포카토,"6,000",
1027030650,라프웨더,모카프라페,"6,000",
1027030650,라프웨더,아이스티(복숭아/레몬),"4,800",
1027030650,라프웨더,홍차,"4,800",
1027030650,라프웨더,페퍼민트 허브티,"4,800",
1027030650,라프웨더,캐모마일 허브티,"4,800",
1027030650,라프웨더,로얄 밀크티,"6,200",
1027030650,라프웨더,자몽얼그레이,"6,300",
1027030650,라프웨더,레몬티,"6,300",
1027030650,라프웨더,레몬에이드,"5,900",
635229245,써브웨이 아차산역점,풀드포크,,https://img1.kakaocdn.net/cthumb/local/C212x180.q50/?fname=http%3A%2F%2Fcfile75.uf.daum.net%2Fimage%2F99F6E9405B237AC022CD56
635229245,써브웨이 아차산역점,로스트 치킨,,https://img1.kakaocdn.net/cthumb/local/C212x180.q50/?fname=http%3A%2F%2Fcfile72.uf.daum.net%2Fimage%2F99F5CB3D5B237A8F230C19
635229245,써브웨이 아차산역점,에그마요,,https://img1.kakaocdn.net/cthumb/local/C212x180.q50/?fname=http%3A%2F%2Fcfile71.uf.daum.net%2Fimage%2F9958FA375B237A9C0DCB21
635229245,써브웨이 아차산역점,참치,,https://img1.kakaocdn.net/cthumb/local/C212x180.q50/?fname=http%3A%2F%2Fcfile173.uf.daum.net%2Fimage%2F99BFFD355B237AD40AAA0B
635229245,써브웨이 아차산역점,터키 베이컨 아보카도 샐러드,,https://img1.kakaocdn.net/cthumb/local/C212x180.q50/?fname=http%3A%2F%2Fcfile175.uf.daum.net%2Fimage%2F9921FE3A5B237B1110C796
635229245,써브웨이 아차산역점,이탈리안비엠티,,https://img1.kakaocdn.net/cthumb/local/C212x180.q50/?fname=http%3A%2F%2Ft1.daumcdn.net%2Fplace%2F9D518E23067547AE8D5C9E0FB46A6180
1339855381,유하제과,아메리카노,,
1339855381,유하제과,카페라떼,,
1339855381,유하제과,카페모카,,
1339855381,유하제과,바닐라라떼,,
1339855381,유하제과,솔티드카라멜,,
1339855381,유하제과,밀크티,,
1339855381,유하제과,초코라떼,,
1339855381,유하제과,크렘브륄레,,
1339855381,유하제과,꼬끄후레이크,,
1339855381,유하제과,꼬끄,,
1339855381,유하제과,레모네이드,,
1339855381,유하제과,자몽에이드,,
1339855381,유하제과,청포도에이드,,
1339855381,유하제과,블루베리,,
1339855381,유하제과,얼그레이,,
1339855381,유하제과,루이보스,,
1339855381,유하제과,페퍼민트,,
1339855381,유하제과,녹차,,
1339855381,유하제과,앙버터,,
1339855381,유하제과,딸기스무디,,
1339855381,유하제과,키위스무디,,
1339855381,유하제과,망고스무디,,
1339855381,유하제과,딸기,,
1339855381,유하제과,우유,,
1339855381,유하제과,인절미,,
1339855381,유하제과,초콜릿,,
1339855381,유하제과,황치즈,,
27307756,그레인제빵소 본점,올리브 치아바타,"3,600",
27307756,그레인제빵소 본점,앙버터,"3,500",
27307756,그레인제빵소 본점,블루베리 케이크,"9,900",
27307756,그레인제빵소 본점,그레인 러스크,"2,900",
27307756,그레인제빵소 본점,콩고물 쿠키,"3,900",
26351001,나인헤르츠,아메리카노(HOT),"3,800",
26351001,나인헤르츠,카푸치노(HOT),"4,300",
26351001,나인헤르츠,카페라떼(HOT),"4,300",
26351001,나인헤르츠,카페모카(HOT),"4,600",
26351001,나인헤르츠,아포카토,"6,000",
200442813,떡갈비연구소 강동점,NEW)댓잎 비빔 막국수,"7,900",
200442813,떡갈비연구소 강동점,담양 돼지 떡갈비 도시락,"8,400",https://img1.kakaocdn.net/cthumb/local/C212x180.q50/?fname=http%3A%2F%2Ft1.kakaocdn.net%2Fmystore%2FD4A5186CB8614E87B9DCA1EEEA0E573E
200442813,떡갈비연구소 강동점,마늘 돼지떡갈비 도시락,"8,900",https://img1.kakaocdn.net/cthumb/local/C212x180.q50/?fname=http%3A%2F%2Ft1.kakaocdn.net%2Fmystore%2FBEF217FF6EE7463CBDDCA47F94528606
200442813,떡갈비연구소 강동점,매콤火 돼지떡갈비_도시락,"8,900",https://img1.kakaocdn.net/cthumb/local/C212x180.q50/?fname=http%3A%2F%2Ft1.kakaocdn.net%2Fmystore%2FCD7B94FA037540C786CF1ACFBF38A178
200442813,떡갈비연구소 강동점,담양 소떡갈비도시락,"9,400",https://img1.kakaocdn.net/cthumb/local/C212x180.q50/?fname=http%3A%2F%2Ft1.kakaocdn.net%2Fmystore%2F03C799BB670F4AAFAE3C41E0B8BCC962
200442813,떡갈비연구소 강동점,마늘 소떡갈비 도시락,"9,900",https://img1.kakaocdn.net/cthumb/local/C212x180.q50/?fname=http%3A%2F%2Ft1.kakaocdn.net%2Fmystore%2FB9352724FEC0480FBD34CF184D33D1A6
200442813,떡갈비연구소 강동점,매콤火 소떡갈비 도시락,"9,900",https://img1.kakaocdn.net/cthumb/local/C212x180.q50/?fname=http%3A%2F%2Ft1.kakaocdn.net%2Fmystore%2FE398160F1C5F49E19DC78735C826370C
200442813,떡갈비연구소 강동점,담양 돼지떡갈비 모둠,"22,900",https://img1.kakaocdn.net/cthumb/local/C212x180.q50/?fname=http%3A%2F%2Ft1.kakaocdn.net%2Fmystore%2FE683CE58FA8C4B75BD89DF6A970A36F2
200442813,떡갈비연구소 강동점,마늘 돼지떡갈비 모둠,"23,900",https://img1.kakaocdn.net/cthumb/local/C212x180.q50/?fname=http%3A%2F%2Ft1.kakaocdn.net%2Fmystore%2FEE953A57081B4494B180EEC5B3065891
200442813,떡갈비연구소 강동점,매콤火 돼지떡갈비 모둠,"23,900",https://img1.kakaocdn.net/cthumb/local/C212x180.q50/?fname=http%3A%2F%2Ft1.kakaocdn.net%2Fmystore%2F9691C46F1D3C4D7D80A402DFCA5A64EB
200442813,떡갈비연구소 강동점,담양 소떡갈비 모둠,"32,900",https://img1.kakaocdn.net/cthumb/local/C212x180.q50/?fname=http%3A%2F%2Ft1.kakaocdn.net%2Fmystore%2FE5803D4E31654CABA71757CDC99AF3DB
200442813,떡갈비연구소 강동점,마늘 소떡갈비 모둠,"33,900",https://img1.kakaocdn.net/cthumb/local/C212x180.q50/?fname=http%3A%2F%2Ft1.kakaocdn.net%2Fmystore%2FFCEA5CB55A3A450FA6583C250505579E
200442813,떡갈비연구소 강동점,매콤火 소떡갈비 모둠,"33,900",https://img1.kakaocdn.net/cthumb/local/C212x180.q50/?fname=http%3A%2F%2Ft1.kakaocdn.net%2Fmystore%2F0C73748DDBF8454B825CC8894FE18A30
200442813,떡갈비연구소 강동점,담양 돼지떡갈비 모둠 + 댓잎 비빔 막국수,"28,900",https://img1.kakaocdn.net/cthumb/local/C212x180.q50/?fname=http%3A%2F%2Ft1.kakaocdn.net%2Fmystore%2F081015EFCD444F858CCE81612831B2DE
200442813,떡갈비연구소 강동점,마늘 돼지떡갈비 모둠 + 댓잎 비빔 막국수,"29,900",https://img1.kakaocdn.net/cthumb/local/C212x180.q50/?fname=http%3A%2F%2Ft1.kakaocdn.net%2Fmystore%2FDC9BB83A95244CE58F81A1C641D742BD
200442813,떡갈비연구소 강동점,매콤火 돼지떡갈비 모둠 + 댓잎 비빔 막국수,"29,900",https://img1.kakaocdn.net/cthumb/local/C212x180.q50/?fname=http%3A%2F%2Ft1.kakaocdn.net%2Fmystore%2F8A662DEB147A43BE8D9EB2B325993399
200442813,떡갈비연구소 강동점,담양 소떡갈비 모둠 + 댓잎 비빔 막국수,"38,900",https://img1.kakaocdn.net/cthumb/local/C212x180.q50/?fname=http%3A%2F%2Ft1.kakaocdn.net%2Fmystore%2FEC6889A5485C480DBEAE99E56E45024D
200442813,떡갈비연구소 강동점,마늘 소떡갈비 모둠 + 댓잎 비빔 막국수,"39,900",https://img1.kakaocdn.net/cthumb/local/C212x180.q50/?fname=http%3A%2F%2Ft1.kakaocdn.net%2Fmystore%2F17E926F6225B4D5AB99CD1EEA1B22903
200442813,떡갈비연구소 강동점,매콤火 소떡갈비 모둠 + 댓잎 비빔 막국수,"39,900",https://img1.kakaocdn.net/cthumb/local/C212x180.q50/?fname=http%3A%2F%2Ft1.kakaocdn.net%2Fmystore%2F7378CE6B47F94BAE8CE69BC5939ECF36
200442813,떡갈비연구소 강동점,[별미메뉴] 모둠 그릴 채소,"3,900",https://img1.kakaocdn.net/cthumb/local/C212x180.q50/?fname=http%3A%2F%2Ft1.kakaocdn.net%2Fmystore%2FEF88D67827CF4C8BBC2A47E89D21C2C9
675001063,육회바른연어 암사점,육회덮밥세트(+육초2p),"7,900",
675001063,육회바른연어 암사점,연어덮밥세트(+육초2p),"8,900",
675001063,육회바른연어 암사점,육연덮밥세트(+육초2p),"8,900",
675001063,육회바른연어 암사점,육회초밥(10p),"11,900",
675001063,육회바른연어 암사점,연어초밥(10p),"12,900",
675001063,육회바른연어 암사점,스테이크초밥(10p),"12,900",
675001063,육회바른연어 암사점,모듬초밥(12p),"14,900",
675001063,육회바른연어 암사점,육바연 알콜세트1,"30,900",
675001063,육회바른연어 암사점,육바연알콜세트2,"29,900",
675001063,육회바른연어 암사점,육바연알콜세트3,"31,900",
675001063,육회바른연어 암사점,육바연알콜세트4,"31,900",
675001063,육회바른연어 암사점,불육회초밥(12p),"14,900",
675001063,육회바른연어 암사점,스테이크초밥(12p),"14,900",
675001063,육회바른연어 암사점,육회덮밥,"6,900",
675001063,육회바른연어 암사점,연어덮밥,"7,900",
675001063,육회바른연어 암사점,육연덮밥,"7,900",
675001063,육회바른연어 암사점,불육회덮밥,"7,900",
675001063,육회바른연어 암사점,구운육회덮밥,"7,900",
675001063,육회바른연어 암사점,육회무한,"19,900",
675001063,육회바른연어 암사점,육회+연어 무한,"27,900",
519103478,에이프리카페,에스프레소,"3,000",
519103478,에이프리카페,스트라파짜토,"3,500",
519103478,에이프리카페,피에노,"3,500",
519103478,에이프리카페,콘파냐,"4,000",
519103478,에이프리카페,아메리카노,"3,500",
519103478,에이프리카페,카페 라떼,"4,500",
519103478,에이프리카페,돌체 라떼,"5,000",
519103478,에이프리카페,카페 모카,"5,500",
519103478,에이프리카페,수제 바닐라빈 라떼,"6,500",
519103478,에이프리카페,초콜릿 라떼,"4,000",
519103478,에이프리카페,얼그레이 티,"3,500",
519103478,에이프리카페,페퍼민트 티,"3,500",
519103478,에이프리카페,패션후르츠 에이드,"3,500",
519103478,에이프리카페,플레인 휘낭시에,"2,700",
519103478,에이프리카페,소금초코 휘낭시에,"2,900",
519103478,에이프리카페,고르곤졸라 휘낭시에,"2,900",
519103478,에이프리카페,말차 휘낭시에,"2,900",
519103478,에이프리카페,라즈베리 휘낭시에,"2,900",
519103478,에이프리카페,무화과 휘낭시에,"2,900",
519103478,에이프리카페,에스프레소 휘낭시에,"2,900",
16822288,9292꼬치 암사점,소갈비꼬치,"3,000",
16822288,9292꼬치 암사점,삼겹살 꼬치,"3,000",
16822288,9292꼬치 암사점,새우꼬치,"3,000",
16822288,9292꼬치 암사점,반건조포 노가리 (1개),"3,000",
16822288,9292꼬치 암사점,줄노가리 (4개),"5,000",
16822288,9292꼬치 암사점,오뎅탕나베,"16,000",
16822288,9292꼬치 암사점,얼큰 어묵 라면,"5,000",
1896997691,해물을찜한날,소라회,,
1896997691,해물을찜한날,해삼,,
1896997691,해물을찜한날,멍게,,
1896997691,해물을찜한날,개불,,
1896997691,해물을찜한날,낙지볶음,,
1896997691,해물을찜한날,조개찜,,
1896997691,해물을찜한날,가리비회,,
1896997691,해물을찜한날,키조개회,,
1896997691,해물을찜한날,아귀찜,,
1896997691,해물을찜한날,아낙찜,,
1896997691,해물을찜한날,굴무침,,
1896997691,해물을찜한날,동태찜,,
1896997691,해물을찜한날,쭈꾸미비빔밥,,
1896997691,해물을찜한날,동태전,,
1896997691,해물을찜한날,동태전골,,
1896997691,해물을찜한날,볶음밥,,
1922620159,빽다방 건대동문회관점,아메리카노 (ICED),"2,000",https://img1.kakaocdn.net/cthumb/local/C212x180.q50/?fname=http%3A%2F%2Ft1.kakaocdn.net%2Fmystore%2FFAC43F3670734BFD8AE98A765A434066
1922620159,빽다방 건대동문회관점,아메리카노 (HOT),"1,500",https://img1.kakaocdn.net/cthumb/local/C212x180.q50/?fname=http%3A%2F%2Ft1.kakaocdn.net%2Fmystore%2F03FD6240B5FB4D89B809DA65593E2A61
1922620159,빽다방 건대동문회관점,유자티 (ICED),"4,000",https://img1.kakaocdn.net/cthumb/local/C212x180.q50/?fname=http%3A%2F%2Ft1.kakaocdn.net%2Fmystore%2F81A185C2A6F4406FAC95447451C708BC
1922620159,빽다방 건대동문회관점,오렌지자몽블랙티 (HOT),"3,500",https://img1.kakaocdn.net/cthumb/local/C212x180.q50/?fname=http%3A%2F%2Ft1.kakaocdn.net%2Fmystore%2FDA4F4E33A1B74787A0BC19A9F27A0470
1922620159,빽다방 건대동문회관점,노말한 소프트,"2,000",https://img1.kakaocdn.net/cthumb/local/C212x180.q50/?fname=http%3A%2F%2Ft1.kakaocdn.net%2Fmystore%2F388DFAAF4B7D4181BB15A294C79E9805
233623177,계열사 논현점,후라이드,"20,000",
233623177,계열사 논현점,골뱅이소면,"23,000",
233623177,계열사 논현점,닭모래집볶음,"15,000",
233623177,계열사 논현점,매운무뼈닭발,"15,000",
233623177,계열사 논현점,부산에서 온 오뎅탕,"20,000",
233623177,계열사 논현점,아귀포+믹스넛,"15,000",
233623177,계열사 논현점,매운번데기탕,"10,000",
233623177,계열사 논현점,백도+황도,"7,000",
16790512,사대분식,야채떡볶이,"5,000",
16790512,사대분식,잔치국수,"5,000",
16790512,사대분식,쫄면,"6,000",
16790512,사대분식,순두부찌개,"6,000",
16790512,사대분식,비빔밥,"6,000",
16790512,사대분식,야채떡볶이,"5,000",
16790512,사대분식,칼국수,"5,000",
16790512,사대분식,잔치국수,"5,000",
16790512,사대분식,쫄볶이,"6,000",
16790512,사대분식,쫄면,"6,000",
1985927139,르사이공 강남더인피닛스퀘어점,소고기 쌀국수 (M),"10,500",
1985927139,르사이공 강남더인피닛스퀘어점,피리미엄 쌀국수 (M),"12,500",
1985927139,르사이공 강남더인피닛스퀘어점,분보후에 (M),"12,500",
1985927139,르사이공 강남더인피닛스퀘어점,해물 볶음밥,"11,500",
1985927139,르사이공 강남더인피닛스퀘어점,파인애플 볶음밥,"11,500",
1186628116,연카페,아메리카노(Hot),"3,500",
1186628116,연카페,에스프레소(Hot),"3,500",
1186628116,연카페,카페라떼(Hot),"4,000",
1186628116,연카페,레몬에이드,"5,500",
1186628116,연카페,생요거트,"4,500",
1589030469,신사골감자탕 위례점,뼈해장국,"8,000",https://img1.kakaocdn.net/cthumb/local/C212x180.q50/?fname=http%3A%2F%2Ft1.kakaocdn.net%2Fmystore%2F6D422A8639A947779D339567D0299E19
1589030469,신사골감자탕 위례점,감자탕(소),"25,000",https://img1.kakaocdn.net/cthumb/local/C212x180.q50/?fname=http%3A%2F%2Ft1.kakaocdn.net%2Fmystore%2FD181CE5173A249F2B6665DEEE11B0693
1589030469,신사골감자탕 위례점,황태해장국,"7,000",https://img1.kakaocdn.net/cthumb/local/C212x180.q50/?fname=http%3A%2F%2Ft1.kakaocdn.net%2Fmystore%2FFBEE9C3FA9A748B4B54855D24CF53BDB
1589030469,신사골감자탕 위례점,등뼈찜(소),"28,000",https://img1.kakaocdn.net/cthumb/local/C212x180.q50/?fname=http%3A%2F%2Ft1.kakaocdn.net%2Fmystore%2FB2E6A4CE27D94AF985F46612A142DFBA
1589030469,신사골감자탕 위례점,콩나물국밥,"7,000",
1431317142,라파즈,VIP 전체이용 가능,변동가격,
1883211784,화로상회 천호점,성인(13세이상),"19,500",https://img1.kakaocdn.net/cthumb/local/C212x180.q50/?fname=http%3A%2F%2Ft1.kakaocdn.net%2Fmystore%2F55CFC52A68E94A05981304D02BC0D0F7
1883211784,화로상회 천호점,7~12세,"14,500",https://img1.kakaocdn.net/cthumb/local/C212x180.q50/?fname=http%3A%2F%2Ft1.kakaocdn.net%2Fmystore%2F53F3A40CEEC941819CBBEB18D87C35ED
1883211784,화로상회 천호점,4~6세,"7,900",https://img1.kakaocdn.net/cthumb/local/C212x180.q50/?fname=http%3A%2F%2Ft1.kakaocdn.net%2Fmystore%2FAFC1DF84E5BA4032B1F89C563C1F7885
1883211784,화로상회 천호점,냉면(물냉면/비빔냉면),"6,000",
1883211784,화로상회 천호점,통감자된장찌개,"5,000",
1883211784,화로상회 천호점,계란찜,"5,000",
517756732,송가네,어머닙밥상 (요일별 메뉴),"8,000",
517756732,송가네,김치찌개,"8,000",
517756732,송가네,된장찌개,"8,000",
517756732,송가네,청국장,"9,000",
517756732,송가네,알밥,"9,000",
517756732,송가네,순두부찌개,"8,000",
517756732,송가네,북어국정식,"9,000",
517756732,송가네,스팸정식,"9,000",
517756732,송가네,고등어(생선구이),"9,000",
517756732,송가네,갈치 (생선구이),"11,000",
517756732,송가네,동태찌개 (2인 이상),"10,000",
517756732,송가네,부대찌개 (2인 이상),"9,000",
517756732,송가네,삼계탕,"15,000",
517756732,송가네,제육볶음,"9,000",
517756732,송가네,뚝배기불고기,"12,000",
517756732,송가네,오징어볶음,"11,000",
517756732,송가네,낙지볶음정식,"13,000",
517756732,송가네,오삼불고기,"10,000",
517756732,송가네,꽁치김치찌개 (2인 이상),"9,000",
20946094,강강술래 청담점,왕양념갈비,"43,000",https://img1.kakaocdn.net/cthumb/local/C212x180.q50/?fname=http%3A%2F%2Ft1.kakaocdn.net%2Fmystore%2FA1055CFC4B9249E0B7855B33757D3880
20946094,강강술래 청담점,술래양념구이,"34,000",https://img1.kakaocdn.net/cthumb/local/C212x180.q50/?fname=http%3A%2F%2Ft1.kakaocdn.net%2Fmystore%2FBB43DB36A99A49B3A1430FDBAD6BA28A
20946094,강강술래 청담점,한돈양념구이,"19,000",https://img1.kakaocdn.net/cthumb/local/C212x180.q50/?fname=http%3A%2F%2Ft1.kakaocdn.net%2Fmystore%2F5EBA611FD6BE4F7D910A7D2E96C46EB3
20946094,강강술래 청담점,영양갈비탕,"13,000",https://img1.kakaocdn.net/cthumb/local/C212x180.q50/?fname=http%3A%2F%2Ft1.kakaocdn.net%2Fmystore%2F395878C5F569437EAA1656D0C931A8F0
20946094,강강술래 청담점,차돌된장찌개,"9,000",https://img1.kakaocdn.net/cthumb/local/C212x180.q50/?fname=http%3A%2F%2Ft1.kakaocdn.net%2Fmystore%2F9E0C5A4C396D4494B5FBCC321E9D3AAF
1270590096,이자카야오민 교대점,감자사라다,"6,000",
1270590096,이자카야오민 교대점,고로케,"6,000",
1270590096,이자카야오민 교대점,새우튀김,"8,000",
1270590096,이자카야오민 교대점,가라아게,"9,000",
1270590096,이자카야오민 교대점,타코와사비,"9,000",
1270590096,이자카야오민 교대점,오징어튀김,"12,000",
2004885983,한사리감자탕&뼈구이 청담점,한사리감자탕(소),"29,000",
2004885983,한사리감자탕&뼈구이 청담점,직화뼈구이(중),"35,000",
2004885983,한사리감자탕&뼈구이 청담점,맑은감자탕(소),"29,000",
2004885983,한사리감자탕&뼈구이 청담점,한가득 뼈찜(중),"35,000",
2004885983,한사리감자탕&뼈구이 청담점,한가득 해물뼈찜(2~3인),"39,000",
1317950224,우리바다생태찌개,생태탕,"19,000",
1317950224,우리바다생태찌개,생태지리,"19,000",
1317950224,우리바다생태찌개,해물코다리찜(중),"40,000",
1317950224,우리바다생태찌개,동태전,"16,000",
1317950224,우리바다생태찌개,해물파전,"16,000",
1317950224,우리바다생태찌개,굴전,"16,000",
1317950224,우리바다생태찌개,홍어회무침,"20,000",
1317950224,우리바다생태찌개,통골뱅이무침,"20,000",
1317950224,우리바다생태찌개,통골뱅이,"16,000",
1317950224,우리바다생태찌개,생대구,"19,000",
1317950224,우리바다생태찌개,꼬막,"16,000",
1317950224,우리바다생태찌개,문어숙회,변동가격,
1791202784,스시포레,시그니처 스시(5pcs),"11,000",
1791202784,스시포레,아보카도롤,"12,000",
1791202784,스시포레,새우롤,"13,000",
1791202784,스시포레,구운연어롤,"14,000",
1791202784,스시포레,생연어롤,"20,000",
1791202784,스시포레,수제 차슈 돈코츠 라멘,"12,000",
1791202784,스시포레,나가사끼 짬뽕,"12,000",
1791202784,스시포레,돈 짬봉,"13,000",
1791202784,스시포레,연어 포케,"12,000",
1791202784,스시포레,광어 포케,"12,000",
1791202784,스시포레,포레 사시미,"29,000",
1984129217,본디,돼지 생갈비,"17,000",
1801258872,생마차 구의역점,오이사라다,"4,000",
1801258872,생마차 구의역점,생강토마토,"6,500",
1801258872,생마차 구의역점,설탕토마토,"6,500",
1801258872,생마차 구의역점,땡초물만두,"6,000",
1801258872,생마차 구의역점,은행구이,"7,000",
1801258872,생마차 구의역점,네기마요 타코야끼,"9,000",
1801258872,생마차 구의역점,가마보꼬 오뎅,"9,000",
1801258872,생마차 구의역점,치즈라면,"5,000",
1801258872,생마차 구의역점,포테토스프,"7,000",
1801258872,생마차 구의역점,순두부열라면,"7,000",
1801258872,생마차 구의역점,어묵우동,"7,000",
1801258872,생마차 구의역점,닭껍질교자,"10,000",
1801258872,생마차 구의역점,아지후라이,"9,000",
1801258872,생마차 구의역점,비빔만두,"7,000",
1801258872,생마차 구의역점,파래어묵튀김,"7,000",
1801258872,생마차 구의역점,매콤양념오뎅튀김,"6,000",
1801258872,생마차 구의역점,후렌치후라이,"4,500",
1801258872,생마차 구의역점,고등어소금구이,"7,000",
1801258872,생마차 구의역점,오꼬노미야끼,"10,000",
1801258872,생마차 구의역점,명란구이,"7,000",
1801258872,생마차 구의역점,테바나카,900,
205421822,제일제면소 올림픽공원점,황태 해장국수,,
205421822,제일제면소 올림픽공원점,황태 해장국수 차림상,,
205421822,제일제면소 올림픽공원점,진한 들기름 막국수,,
205421822,제일제면소 올림픽공원점,명태회 비빔국수,,
205421822,제일제면소 올림픽공원점,제일우동,,
205421822,제일제면소 올림픽공원점,제일국수,,
205421822,제일제면소 올림픽공원점,소불고기 우동,,
205421822,제일제면소 올림픽공원점,수제 돈까스,,
205421822,제일제면소 올림픽공원점,소불고기 달걀덮밥,,
205421822,제일제면소 올림픽공원점,매콤 닭갈비덮밥,,
205421822,제일제면소 올림픽공원점,새우튀김(3pcs),,
205421822,제일제면소 올림픽공원점,매콤순살닭튀김(소),,
205421822,제일제면소 올림픽공원점,씨앗닭강정,,
205421822,제일제면소 올림픽공원점,무교 직화 낙지볶음,,
205421822,제일제면소 올림픽공원점,오삼 칼국수 볶음면,,
205421822,제일제면소 올림픽공원점,바삭감자전,,
205421822,제일제면소 올림픽공원점,녹두전,,
205421822,제일제면소 올림픽공원점,삼겹살부추볶음,,
205421822,제일제면소 올림픽공원점,스키야키 전골,,
205421822,제일제면소 올림픽공원점,한우 국수 전골,,
22646404,솥뚜껑파전,솥뚜껑해물김치파전,"17,000",
22646404,솥뚜껑파전,골뱅이무침,"20,000",
22646404,솥뚜껑파전,불고기볶음,"17,000",
22646404,솥뚜껑파전,어묵탕,"15,000",
22646404,솥뚜껑파전,국물떡볶이,"16,000",
22646404,솥뚜껑파전,두부김치,"16,000",
22646404,솥뚜껑파전,넉지소면,"20,000",
22646404,솥뚜껑파전,먹태,"13,000",
264892996,휴가,아메리카노,"5,800",https://img1.kakaocdn.net/cthumb/local/C212x180.q50/?fname=http%3A%2F%2Ft1.kakaocdn.net%2Fmystore%2FACB924377FE74FBCB2FBB6F3202A5F78
264892996,휴가,카페라떼,"6,300",https://img1.kakaocdn.net/cthumb/local/C212x180.q50/?fname=http%3A%2F%2Ft1.kakaocdn.net%2Fmystore%2F390F356D6C1A4CCABD62CAE28DBC6F89
264892996,휴가,레몬 에이드,"7,300",https://img1.kakaocdn.net/cthumb/local/C212x180.q50/?fname=http%3A%2F%2Ft1.kakaocdn.net%2Fmystore%2F291BBB9B885B4DD48176A53B25AE13DE
264892996,휴가,히비스커스브랜딩,"6,500",
117482281,버디하우스,버디하우스 와인,변동가격,https://img1.kakaocdn.net/cthumb/local/C212x180.q50/?fname=http%3A%2F%2Ft1.kakaocdn.net%2Fmystore%2F83CFA48DC7674A0D96D96EDAE7968F5E
117482281,버디하우스,버디하우스 위스키,변동가격,https://img1.kakaocdn.net/cthumb/local/C212x180.q50/?fname=http%3A%2F%2Ft1.kakaocdn.net%2Fmystore%2F5D0D788E646E4D729A07994BD0594F7E
117482281,버디하우스,크리스피 핫도그,"2,000",https://img1.kakaocdn.net/cthumb/local/C212x180.q50/?fname=http%3A%2F%2Ft1.kakaocdn.net%2Fmystore%2F1AA0F1E00FE14432A126E6D801046F9E
117482281,버디하우스,칵테일새우 볶음밥,"5,000",https://img1.kakaocdn.net/cthumb/local/C212x180.q50/?fname=http%3A%2F%2Ft1.kakaocdn.net%2Fmystore%2F2F52413F41E54AE78D720B4E3C7643C3
117482281,버디하우스,스위티 핫윙,"15,000",https://img1.kakaocdn.net/cthumb/local/C212x180.q50/?fname=http%3A%2F%2Ft1.kakaocdn.net%2Fmystore%2F9ACA65E2F02241C48B31BDB81BB4A1A6
117482281,버디하우스,크리스피 감자튀김 & 치즈,"8,000",https://img1.kakaocdn.net/cthumb/local/C212x180.q50/?fname=http%3A%2F%2Ft1.kakaocdn.net%2Fmystore%2F51A5C05FF5C24CA899783563A65913FD
117482281,버디하우스,크리스피 통 새우 튀김,"15,000",https://img1.kakaocdn.net/cthumb/local/C212x180.q50/?fname=http%3A%2F%2Ft1.kakaocdn.net%2Fmystore%2F70B43C0028ED4A549189305F098B488F
117482281,버디하우스,크리미 버터 팝콘,"3,000",https://img1.kakaocdn.net/cthumb/local/C212x180.q50/?fname=http%3A%2F%2Ft1.kakaocdn.net%2Fmystore%2F2A447CF4033C42609EF8B85351BF06EC
117482281,버디하우스,토마토 미트볼,"12,000",https://img1.kakaocdn.net/cthumb/local/C212x180.q50/?fname=http%3A%2F%2Ft1.kakaocdn.net%2Fmystore%2FB27F5B83097046B39B0FF31C514B6B6F
23641275,써클커피,에스프레소,"3,500",
23641275,써클커피,아메리카노,"3,500",
23641275,써클커피,카페라떼,"4,000",
23641275,써클커피,카푸치노,"4,000",
23641275,써클커피,바닐라라떼,"4,000",
23641275,써클커피,카페모카,"4,500",
23641275,써클커피,카라멜 마끼아또,"4,500",
23641275,써클커피,연유라떼,"4,500",
23641275,써클커피,밀크티,"4,000",
23641275,써클커피,핫초코,"4,000",
23641275,써클커피,아이스초코,"4,000",
23641275,써클커피,진짜 쑥 라떼,"4,500",
23641275,써클커피,레몬 에이드,"4,500",
23641275,써클커피,쿨라임 에이드,"4,500",
23641275,써클커피,자몽 에이드,"4,500",
23641275,써클커피,애플 시나몬 에이드,"4,500",
23641275,써클커피,문경 오미자 에이드,"4,500",
23641275,써클커피,당근 주스,"5,000",
23641275,써클커피,레몬티,"4,000",
23641275,써클커피,유자티,"4,000",
23641275,써클커피,사과티,"4,000",
23641275,써클커피,얼그레이,"4,000",
23641275,써클커피,캐모마일,"4,000",
23641275,써클커피,루이보스,"4,000",
23641275,써클커피,페퍼민트,"4,000",
23641275,써클커피,진짜 딸기 우유 (SEASON),"5,000",
23641275,써클커피,단호박 라떼 (SEASON),"4,500",
466302339,두찜,스팸부대찜닭,,
466302339,두찜,마라로제찜닭,,
466302339,두찜,로제찜닭,,
466302339,두찜,까만찜닭,,
466302339,두찜,치즈몽땅찜닭(까만),,
466302339,두찜,로제닭발,,
466302339,두찜,로제찜닭게티,,
466302339,두찜,트러플크림찜닭,,
466302339,두찜,트러플크림찜닭게티,,
466302339,두찜,시래기찜닭,,
466302339,두찜,빨간찜닭,,
466302339,두찜,치즈몽땅찜닭(빨간),,
466302339,두찜,묵은지찜닭,,
466302339,두찜,닭볶음탕,,
466302339,두찜,매콤찜닭게티,,
466302339,두찜,가지튀김,,
466302339,두찜,치즈볼,,
466302339,두찜,튀김만두,,
466302339,두찜,납작만두,,
466302339,두찜,통등심돈까스,,
1183789010,커피에반하다 역삼디오빌점 스마트카페,카라멜마끼아또,,https://img1.kakaocdn.net/cthumb/local/C212x180.q50/?fname=http%3A%2F%2Fcfile172.uf.daum.net%2Fimage%2F26670138550938B407231C
1183789010,커피에반하다 역삼디오빌점 스마트카페,아메리카노,,https://img1.kakaocdn.net/cthumb/local/C212x180.q50/?fname=http%3A%2F%2Fcfile172.uf.daum.net%2Fimage%2F246ED94955093881111672
1183789010,커피에반하다 역삼디오빌점 스마트카페,카페라떼,,https://img1.kakaocdn.net/cthumb/local/C212x180.q50/?fname=http%3A%2F%2Fcfile72.uf.daum.net%2Fimage%2F255DBC485509389B2D0B5D
1183789010,커피에반하다 역삼디오빌점 스마트카페,리얼 레몬에이드,,https://img1.kakaocdn.net/cthumb/local/C212x180.q50/?fname=http%3A%2F%2Fcfile73.uf.daum.net%2Fimage%2F224EEA38550939201E69D9
1183789010,커피에반하다 역삼디오빌점 스마트카페,허니버터브레드,,https://img1.kakaocdn.net/cthumb/local/C212x180.q50/?fname=http%3A%2F%2Fcfile173.uf.daum.net%2Fimage%2F27428933550939501C4C02
1183789010,커피에반하다 역삼디오빌점 스마트카페,콜드브루,,
1183789010,커피에반하다 역삼디오빌점 스마트카페,콜드브루라떼,,
1183789010,커피에반하다 역삼디오빌점 스마트카페,밀크띠라떼,,
1183789010,커피에반하다 역삼디오빌점 스마트카페,초코라떼,,
1183789010,커피에반하다 역삼디오빌점 스마트카페,깔라만시 에이드,,
1183789010,커피에반하다 역삼디오빌점 스마트카페,딸기주스,,
1183789010,커피에반하다 역삼디오빌점 스마트카페,파인망고 스무디,,
1183789010,커피에반하다 역삼디오빌점 스마트카페,딸기프라페,,
1183789010,커피에반하다 역삼디오빌점 스마트카페,민트초코 프라페,,
191569136,이디야 응봉동점,콜드브루 니트로,,https://img1.kakaocdn.net/cthumb/local/C212x180.q50/?fname=http%3A%2F%2Ft1.daumcdn.net%2Fplace%2FB2AF03FF116D458C881B1EE43A940106
191569136,이디야 응봉동점,민트모카,,https://img1.kakaocdn.net/cthumb/local/C212x180.q50/?fname=http%3A%2F%2Ft1.daumcdn.net%2Fplace%2FA8986CB72F694227834F7278EAE56C89
191569136,이디야 응봉동점,바닐라 라떼,,https://img1.kakaocdn.net/cthumb/local/C212x180.q50/?fname=http%3A%2F%2Ft1.daumcdn.net%2Fplace%2FBE772F0F7E3F4EAFB8335E4FAEBD9A60
191569136,이디야 응봉동점,카라멜 마끼아또,,https://img1.kakaocdn.net/cthumb/local/C212x180.q50/?fname=http%3A%2F%2Ft1.daumcdn.net%2Fplace%2FDA0E19E6692B469A83EB69BA5468443B
191569136,이디야 응봉동점,카페 라떼,,https://img1.kakaocdn.net/cthumb/local/C212x180.q50/?fname=http%3A%2F%2Ft1.daumcdn.net%2Fplace%2F7152C1713C8A46B4A8DB3D78130EEA47
191569136,이디야 응봉동점,카페 아메리카노,,https://img1.kakaocdn.net/cthumb/local/C212x180.q50/?fname=http%3A%2F%2Ft1.daumcdn.net%2Fplace%2F515B39C5559D4D7287CD8707869A7270
191569136,이디야 응봉동점,카페모카,,https://img1.kakaocdn.net/cthumb/local/C212x180.q50/?fname=http%3A%2F%2Ft1.daumcdn.net%2Fplace%2F9875EBE431784E6C98DED58F177DA82F
191569136,이디야 응봉동점,카푸치노,,https://img1.kakaocdn.net/cthumb/local/C212x180.q50/?fname=http%3A%2F%2Ft1.daumcdn.net%2Fplace%2FFACEC42A8CAF4B55B8A79FC54BB3366E
191569136,이디야 응봉동점,화이트 초콜릿 모카,,https://img1.kakaocdn.net/cthumb/local/C212x180.q50/?fname=http%3A%2F%2Ft1.daumcdn.net%2Fplace%2FE1F32B61F31C4B0CA90C5344799D0F43
191569136,이디야 응봉동점,콜드브루라떼,,https://img1.kakaocdn.net/cthumb/local/C212x180.q50/?fname=http%3A%2F%2Ft1.daumcdn.net%2Fplace%2F3EA542F33A0C4D6C8738A55AF715CA2F
191569136,이디야 응봉동점,콜드브루 화이트 비엔나,,https://img1.kakaocdn.net/cthumb/local/C212x180.q50/?fname=http%3A%2F%2Ft1.daumcdn.net%2Fplace%2FD77088C38F604497ADD905DEE9ADC097
191569136,이디야 응봉동점,이곡라떼,,https://img1.kakaocdn.net/cthumb/local/C212x180.q50/?fname=http%3A%2F%2Ft1.daumcdn.net%2Fplace%2F240C76E6F1B54C32AFC57CC2A6DB548D
191569136,이디야 응봉동점,디카페인 콜드브루 아메리카노,,https://img1.kakaocdn.net/cthumb/local/C212x180.q50/?fname=http%3A%2F%2Ft1.daumcdn.net%2Fplace%2FCB756AC1C7874009BD6D3E08841B6056
191569136,이디야 응봉동점,애플루이보스티,,https://img1.kakaocdn.net/cthumb/local/C212x180.q50/?fname=http%3A%2F%2Ft1.daumcdn.net%2Fplace%2FAA7CB5AF4DC140D9B4C5E67C95FC0F33
191569136,이디야 응봉동점,제주호지차라떼,,https://img1.kakaocdn.net/cthumb/local/C212x180.q50/?fname=http%3A%2F%2Ft1.daumcdn.net%2Fplace%2F181B220E44D844FD9E7CACB8C896E12D
191569136,이디야 응봉동점,연유밀크티,,https://img1.kakaocdn.net/cthumb/local/C212x180.q50/?fname=http%3A%2F%2Ft1.daumcdn.net%2Fplace%2FB87E64A9615C4850AC72CEEA1EE9B81E
26848247,파리바게뜨 잠실스타점,부드러운 정통우유식빵,,
26848247,파리바게뜨 잠실스타점,바삭하게 그대로 토스트,,
26848247,파리바게뜨 잠실스타점,호밀호두 플러스 식빵,,
26848247,파리바게뜨 잠실스타점,달콤향긋한 시나몬식빵,,
26848247,파리바게뜨 잠실스타점,귀리가득 홀그레인 오트식빵,,
26848247,파리바게뜨 잠실스타점,갈릭버터바게뜨,,
26848247,파리바게뜨 잠실스타점,추억의앙꼬빵,,
26848247,파리바게뜨 잠실스타점,콤비네이션피자 바게뜨,,
26848247,파리바게뜨 잠실스타점,사각사각 애플파이,,
26848247,파리바게뜨 잠실스타점,상큼청사과 맘모스,,
26848247,파리바게뜨 잠실스타점,사르르 연유수플레,,
26848247,파리바게뜨 잠실스타점,호두아몬드 크림치즈빵,,
26848247,파리바게뜨 잠실스타점,인절미 생크림 뉴욕롤,,
26848247,파리바게뜨 잠실스타점,미니 소시지 페스츄리,,
26848247,파리바게뜨 잠실스타점,우유 듬뿍 연유브레드,,
26848247,파리바게뜨 잠실스타점,명품 고기잡채고로케,,
26848247,파리바게뜨 잠실스타점,부드러운 시골 치즈빵,,
26848247,파리바게뜨 잠실스타점,매콤 제육고로케,,
26848247,파리바게뜨 잠실스타점,건강가득통밀브레드,,
26848247,파리바게뜨 잠실스타점,우리밀을 더한 단팥빵 플러스,,
950552409,에스피온,바닐라빈라떼,"5,000",
950552409,에스피온,아메리카노,"4,000",
950552409,에스피온,카페라떼,"4,500",
950552409,에스피온,에스프레소,"3,500",
950552409,에스피온,플랫화이트,"4,500",
950552409,에스피온,초코크림라떼,"5,300",
950552409,에스피온,카모마일메들리티,"4,000",
950552409,에스피온,페퍼민트 루이보스티,"4,500",
950552409,에스피온,블루베리 루이보스티,"4,500",
950552409,에스피온,피치 블로썸티,"5,000",
950552409,에스피온,매실티/에이드,"4,500",
950552409,에스피온,레몬티/에이드,"4,500",
950552409,에스피온,자몽티/에이드,"4,500",
950552409,에스피온,말차라떼,"4,500",
950552409,에스피온,민트초코라떼,"4,500",
950552409,에스피온,토피넛라떼,"4,500",
950552409,에스피온,초코라떼,"4,500",
950552409,에스피온,녹색괴물,"5,500",
950552409,에스피온,밀크쉐이크,"4,500",
950552409,에스피온,플레인요거트,"5,000",
950552409,에스피온,과일요거트(딸기/블루베리/바나나),"5,500",
950552409,에스피온,애플망고스무디,"5,000",
950552409,에스피온,망고코코넛스무디,"5,500",
950552409,에스피온,초코초코/민트초코칩스무디,"5,000",
950552409,에스피온,컵빙수(팥),"5,000",
950552409,에스피온,컵빙수(망고/베리베리),"5,500",
950552409,에스피온,esp.coco(only iced),"5,000",
950552409,에스피온,사케라또,"4,500",
1604082737,천진영감 잠실점,천진식조개볶음,"15,000",
1604082737,천진영감 잠실점,닭다리살튀김,"14,500",
1604082737,천진영감 잠실점,닭날개튀김,"12,000",
18442419,강남김밥,원조김밥,"4,000",
18442419,강남김밥,유부김밥,"3,500",
18442419,강남김밥,치즈김밥,"3,500",
18442419,강남김밥,돈가스김밥,"4,000",
18442419,강남김밥,불고기김밥,"4,500",
1251725293,2046팬스테이크 롯데백화점 잠실점,프리미엄 스테이크(부채살 170g),"14,500",
1251725293,2046팬스테이크 롯데백화점 잠실점,차돌박이 김치 필라프,"12,500",
1251725293,2046팬스테이크 롯데백화점 잠실점,씨푸드 오리엔탈 오일 파스타,"11,900",
1251725293,2046팬스테이크 롯데백화점 잠실점,고르곤졸라 크림 비프 파스타,"11,900",
1251725293,2046팬스테이크 롯데백화점 잠실점,소 갈비살 떡볶이,"9,500",
1043183565,천하일미금남닭강정,닭강정(대),"12,000",
1043183565,천하일미금남닭강정,닭강정(중),"8,000",
1043183565,천하일미금남닭강정,닭똥집(대),"12,000",
1043183565,천하일미금남닭강정,키토산게튀김(대),"10,000",
1043183565,천하일미금남닭강정,치즈핫바,"2,000",
1384029439,TWUC,아메리카노,"3,900",
1384029439,TWUC,카페라떼,"4,500",
1384029439,TWUC,버건디라떼,"5,500",
1384029439,TWUC,TWUC 슈페너,"5,500",
1384029439,TWUC,TWUC 라떼,"5,500",
1628510372,가은사주앤타로,타로,,https://img1.kakaocdn.net/cthumb/local/C212x180.q50/?fname=http%3A%2F%2Ft1.kakaocdn.net%2Fmystore%2F0590B0D30FB14D07BD10A720C396946F
1296162203,불타는여고24시떡볶이,불여시 떡볶이(3인분),"15,000",
1296162203,불타는여고24시떡볶이,불여시 어묵볶이(3인분),"15,000",
1296162203,불타는여고24시떡볶이,불여시 반반볶이(3인분),"15,000",
1296162203,불타는여고24시떡볶이,불여시 짜장볶이(3인분),"16,000",
1296162203,불타는여고24시떡볶이,불여시 매콤무뼈닭발(340g),"18,000",
507224532,티엠스마일,Taco set(3인),"53,000",
16330502,치바우뼈다귀 중곡점,감자탕(소),"25,000",
16330502,치바우뼈다귀 중곡점,감자탕(중),"30,000",
16330502,치바우뼈다귀 중곡점,뼈찜(소),"28,000",
16330502,치바우뼈다귀 중곡점,뼈다귀해장국,"7,000",
16330502,치바우뼈다귀 중곡점,콩나물해장국,"6,000",
221666975,카페포럼,아메리카노,"3,000",
221666975,카페포럼,카페라떼,"4,000",
221666975,카페포럼,초코라떼,"4,000",
221666975,카페포럼,녹차라떼,"4,000",
221666975,카페포럼,키위 주스,"4,500",
672925702,헤이티 압구정점,레드자몽 붐,"6,900",
672925702,헤이티 압구정점,코코넛 망고 붐,"6,400",
672925702,헤이티 압구정점,치즈 스트로베리 붐,"6,900",
672925702,헤이티 압구정점,망고 레드자몽 사고,"6,900",
672925702,헤이티 압구정점,스트로베리 붐,"6,400",
672925702,헤이티 압구정점,그린 레몬 브리즈,"5,400",
672925702,헤이티 압구정점,치즈 그레이프 붐,"7,400",
672925702,헤이티 압구정점,멀베리 붐,"6,900",
672925702,헤이티 압구정점,그레이프 붐,"6,900",
672925702,헤이티 압구정점,패션후르츠 블라스트,"5,400",
672925702,헤이티 압구정점,치즈 망고 붐,"6,900",
672925702,헤이티 압구정점,패션 망고 블라스트,"5,400",
672925702,헤이티 압구정점,망고 붐,"6,400",
672925702,헤이티 압구정점,패션 오렌지 블라스트,"5,400",
672925702,헤이티 압구정점,로스티드 브라운 슈가 보보 밀크,"6,900",
672925702,헤이티 압구정점,로스티드 브라운 슈가 보보 밀크티,"7,500",
672925702,헤이티 압구정점,브라운 슈가 보보 밀크티,"6,900",
672925702,헤이티 압구정점,브라운 보보 밀크,"6,400",
672925702,헤이티 압구정점,보보 밀크티,"6,400",
672925702,헤이티 압구정점,보보 펄 밀크티,"6,400",
672925702,헤이티 압구정점,사고 밀크티,"6,400",
672925702,헤이티 압구정점,치즈 그린티,"4,900",
672925702,헤이티 압구정점,퓨어 그린티,"3,900",
672925702,헤이티 압구정점,멀베리 스트로베리 붐 (시즌 메뉴),"6,900",
672925702,헤이티 압구정점,치즈 멀베리 스트로베리 붐 (시즌 메뉴),"7,500",
2139577552,부엉이돈가스 학동역점,마라 마제소바,"10,000",
2139577552,부엉이돈가스 학동역점,마제소바,"9,500",
2139577552,부엉이돈가스 학동역점,마라우동,"10,000",
2139577552,부엉이돈가스 학동역점,마라떡볶이,"11,000",
2139577552,부엉이돈가스 학동역점,부엉이돈카츠,"9,500",
2139577552,부엉이돈가스 학동역점,김치돈카츠,"11,000",
2139577552,부엉이돈가스 학동역점,샐러드돈카츠,"11,500",
2139577552,부엉이돈가스 학동역점,눈꽃치즈돈카츠,"13,500",
2139577552,부엉이돈가스 학동역점,통모짜치즈카츠,"13,500",
2139577552,부엉이돈가스 학동역점,체다퐁듀카츠,"13,500",
2139577552,부엉이돈가스 학동역점,콤보카츠,"13,500",
2139577552,부엉이돈가스 학동역점,김치카츠나베,"14,500",
2139577552,부엉이돈가스 학동역점,고베주머니우동,"7,000",
2139577552,부엉이돈가스 학동역점,김치우동,"8,500",
2139577552,부엉이돈가스 학동역점,꼬치우동나베,"10,000",
2139577552,부엉이돈가스 학동역점,숯불우삼겹우동,"10,000",
2139577552,부엉이돈가스 학동역점,유자냉소바,"9,000",
2139577552,부엉이돈가스 학동역점,명란크림우동,"11,000",
2139577552,부엉이돈가스 학동역점,카레우동,"11,000",
2139577552,부엉이돈가스 학동역점,카레라이스,"7,500",
2139577552,부엉이돈가스 학동역점,등심 카레라이스,"11,000",
2139577552,부엉이돈가스 학동역점,안심 카레라이스,"12,000",
2139577552,부엉이돈가스 학동역점,고로케 카레라이스,"9,500",
2139577552,부엉이돈가스 학동역점,치킨가라아게 카레라이스,"10,500",
2139577552,부엉이돈가스 학동역점,돈카츠 정식 추가,"1,500",
2139577552,부엉이돈가스 학동역점,"우동, 냉소바 정식 추가","2,500",
1057480572,오부대찌개 역삼점,부대찌개,"7,500",https://img1.kakaocdn.net/cthumb/local/C212x180.q50/?fname=http%3A%2F%2Ft1.daumcdn.net%2Flocalfiy%2F95BD700F4EC343BE91CD1AD793205D00
1057480572,오부대찌개 역삼점,스팸부대찌개,"9,000",https://img1.kakaocdn.net/cthumb/local/C212x180.q50/?fname=http%3A%2F%2Ft1.daumcdn.net%2Flocalfiy%2F9DA03DF584BC4B62B3A6073B436741FF
1057480572,오부대찌개 역삼점,닭볶음탕,"20,000",
1057480572,오부대찌개 역삼점,계란말이,"7,500",
1057480572,오부대찌개 역삼점,모듬소시지,"15,000",
21325545,맥시칸치킨 천호점,후라이드치킨,,https://img1.kakaocdn.net/cthumb/local/C212x180.q50/?fname=http%3A%2F%2Ft1.daumcdn.net%2Fplace%2F0672439AAA494DE8AA4B9004B64094FB
21325545,맥시칸치킨 천호점,양념치킨,,https://img1.kakaocdn.net/cthumb/local/C212x180.q50/?fname=http%3A%2F%2Ft1.daumcdn.net%2Fplace%2F26A31457981F4247B2B7728D4394221A
21325545,맥시칸치킨 천호점,갈릭치킨,,https://img1.kakaocdn.net/cthumb/local/C212x180.q50/?fname=http%3A%2F%2Ft1.daumcdn.net%2Fplace%2F2CD93DDAECE746EF822A10DB23C22D57
21325545,맥시칸치킨 천호점,간장치킨,,https://img1.kakaocdn.net/cthumb/local/C212x180.q50/?fname=http%3A%2F%2Ft1.daumcdn.net%2Fplace%2F19011A234731453BBE14BE2C39C2BC79
21325545,맥시칸치킨 천호점,파닭,,https://img1.kakaocdn.net/cthumb/local/C212x180.q50/?fname=http%3A%2F%2Ft1.daumcdn.net%2Fplace%2F0AE84CA278FA4FA6AF1396C558D14837
21325545,맥시칸치킨 천호점,어니언치킨,,https://img1.kakaocdn.net/cthumb/local/C212x180.q50/?fname=http%3A%2F%2Ft1.daumcdn.net%2Fplace%2F242CF99B39604293A9675B27D1583F89
21325545,맥시칸치킨 천호점,반반치킨,,https://img1.kakaocdn.net/cthumb/local/C212x180.q50/?fname=http%3A%2F%2Ft1.daumcdn.net%2Fplace%2F3AFC71A300584426A07C717E7C25ACF2
21325545,맥시칸치킨 천호점,치즈랑치킨,,https://img1.kakaocdn.net/cthumb/local/C212x180.q50/?fname=http%3A%2F%2Ft1.daumcdn.net%2Fplace%2F993E04DB9A2845A49F59BF2A4B6F2908
21325545,맥시칸치킨 천호점,순살닭강정,,https://img1.kakaocdn.net/cthumb/local/C212x180.q50/?fname=http%3A%2F%2Ft1.daumcdn.net%2Fplace%2FB2AB0AEECEA0408AA5DD47E2F3B6B179
21325545,맥시칸치킨 천호점,매콤닭강정,,https://img1.kakaocdn.net/cthumb/local/C212x180.q50/?fname=http%3A%2F%2Ft1.daumcdn.net%2Fplace%2F6EA5AF2137AE46F7B478A119BA300F42
2083425788,두리닭발 잠실방이점,국물닭발 (소),"21,000",
2083425788,두리닭발 잠실방이점,직화구이닭발 (무뼈) (소),"19,000",
2083425788,두리닭발 잠실방이점,직화구이닭발 (통뼈) (소),"19,000",
2083425788,두리닭발 잠실방이점,오뎅탕,"18,000",
2083425788,두리닭발 잠실방이점,먹태,"18,000",
1663188365,MUU한우다이닝 청담,T-BON course,"139,000",https://img1.kakaocdn.net/cthumb/local/C212x180.q50/?fname=http%3A%2F%2Ft1.kakaocdn.net%2Fmystore%2F821AA7AFAA5C4DBF93565126FE757A50
1663188365,MUU한우다이닝 청담,M course,"109,000",https://img1.kakaocdn.net/cthumb/local/C212x180.q50/?fname=http%3A%2F%2Ft1.kakaocdn.net%2Fmystore%2FD84578FA6C64408BBA327D4FD5D17D46
876363368,쌍팔반점 송파문정점,레몬크림새우,,
876363368,쌍팔반점 송파문정점,꿔바로우,,
876363368,쌍팔반점 송파문정점,멘보샤,,
876363368,쌍팔반점 송파문정점,해물짬뽕,,
876363368,쌍팔반점 송파문정점,고기짬뽕,,
876363368,쌍팔반점 송파문정점,속풀이김치짬뽕,,
876363368,쌍팔반점 송파문정점,고기짜장,,
876363368,쌍팔반점 송파문정점,새우짜장,,
876363368,쌍팔반점 송파문정점,중화칠리새우,,
876363368,쌍팔반점 송파문정점,고기간짜장,,
876363368,쌍팔반점 송파문정점,새우간짜장,,
876363368,쌍팔반점 송파문정점,홍합짬뽕탕,,
876363368,쌍팔반점 송파문정점,짬뽕밥,,
876363368,쌍팔반점 송파문정점,특짬뽕,,
876363368,쌍팔반점 송파문정점,짬뽕탕,,
876363368,쌍팔반점 송파문정점,갈비군만두,,
876363368,쌍팔반점 송파문정점,군만두,,
876363368,쌍팔반점 송파문정점,중화불제육덮밥,,
615816313,정원복돼지 솥뚜껑삼겹살,생삼겹살,"13,000",
615816313,정원복돼지 솥뚜껑삼겹살,항정살,"14,000",
615816313,정원복돼지 솥뚜껑삼겹살,소갈비살,"15,000",
615816313,정원복돼지 솥뚜껑삼겹살,한우차돌,"20,000",
615816313,정원복돼지 솥뚜껑삼겹살,대패삼겹,"8,000",
615816313,정원복돼지 솥뚜껑삼겹살,누룽지,"6,000",
615816313,정원복돼지 솥뚜껑삼겹살,물냉면,"6,000",
615816313,정원복돼지 솥뚜껑삼겹살,비빔냉면,"6,000",
615816313,정원복돼지 솥뚜껑삼겹살,김치찌개,"7,000",
615816313,정원복돼지 솥뚜껑삼겹살,차돌된장,"8,000",
615816313,정원복돼지 솥뚜껑삼겹살,버섯사리,"3,000",
818271137,쭌이네,쭌이네 백반,"6,000",
818271137,쭌이네,비빔밥,"7,000",
818271137,쭌이네,김치알밥,"8,000",
818271137,쭌이네,돌솥비빔밥,"7,000",
818271137,쭌이네,김치돌솥밥,"7,000",
818271137,쭌이네,제육돌솥밥,"8,000",
818271137,쭌이네,청국장비빔정식,"7,000",
818271137,쭌이네,우렁청국장,"8,000",
818271137,쭌이네,된장찌개,"7,000",
818271137,쭌이네,얼큰순두부,"7,000",
818271137,쭌이네,제육김치찌개,"7,000",
818271137,쭌이네,자반구이,"8,000",
818271137,쭌이네,고추장제육찌개,"8,000",
818271137,쭌이네,버섯불고기,"9,000",
818271137,쭌이네,가자미구이,"8,000",
818271137,쭌이네,코다리구이,"9,000",
818271137,쭌이네,오삼볶음,"9,000",
818271137,쭌이네,콩나물비빔밥,"7,000",
818271137,쭌이네,작지젓비빔밥,"8,000",
818271137,쭌이네,버섯들깨탕,"8,000",
849573094,장군숯불갈비,수제돼지갈비,,
849573094,장군숯불갈비,수제물냉면,,
849573094,장군숯불갈비,수제비빔냉면,,
849573094,장군숯불갈비,수제함흥물냉면,,
849573094,장군숯불갈비,갈비찜정식,,
849573094,장군숯불갈비,한방갈비탕,,
849573094,장군숯불갈비,한우갈비살,,
849573094,장군숯불갈비,명품한우육회,,
849573094,장군숯불갈비,청국장,,
849573094,장군숯불갈비,김치찌개,,
849573094,장군숯불갈비,차돌된장,,
849573094,장군숯불갈비,부대찌개,,
849573094,장군숯불갈비,제육볶음,,
849573094,장군숯불갈비,뚝배기불고기,,
849573094,장군숯불갈비,제육덮밥,,
574608003,퍼블릭갤러리,아메리카노,"2,500",
574608003,퍼블릭갤러리,카페라떼,"3,000",
574608003,퍼블릭갤러리,인디카IPA,"7,000",
574608003,퍼블릭갤러리,스타우트,"7,000",
574608003,퍼블릭갤러리,페리에일,"7,000",
574608003,퍼블릭갤러리,대동강,"7,000",
574608003,퍼블릭갤러리,호가든,"5,000",
574608003,퍼블릭갤러리,코로나,"5,000",
574608003,퍼블릭갤러리,탄산수,"3,000",
574608003,퍼블릭갤러리,스파클링 레몬,"3,000",
574608003,퍼블릭갤러리,스파클링 오렌지,"3,000",
1216178029,허닛,레전더리 파스트라미,"22,900",https://img1.kakaocdn.net/cthumb/local/C212x180.q50/?fname=http%3A%2F%2Ft1.kakaocdn.net%2Fmystore%2FBC43FFE0C3D94C9E8CD531D8A46F2020
1216178029,허닛,루벤,"12,900",https://img1.kakaocdn.net/cthumb/local/C212x180.q50/?fname=http%3A%2F%2Ft1.kakaocdn.net%2Fmystore%2F4BFE45C5FD41439D875F602C9814B154
1216178029,허닛,오리지날 로스트비프,"12,900",https://img1.kakaocdn.net/cthumb/local/C212x180.q50/?fname=http%3A%2F%2Ft1.kakaocdn.net%2Fmystore%2F712C47B930DC4911806B7656B0BF9FF7
1216178029,허닛,로스트 비프 반미,"13,500",https://img1.kakaocdn.net/cthumb/local/C212x180.q50/?fname=http%3A%2F%2Ft1.kakaocdn.net%2Fmystore%2F6DFD86F3041B4D1DAB9D45C59C074400
1216178029,허닛,바질 치폴레 시킨 샌드위치,"11,800",https://img1.kakaocdn.net/cthumb/local/C212x180.q50/?fname=http%3A%2F%2Ft1.kakaocdn.net%2Fmystore%2FD8E85C9C90B645749142423FDC33F260
1216178029,허닛,바질 페스토 치킨 샌드위치,"11,800",https://img1.kakaocdn.net/cthumb/local/C212x180.q50/?fname=http%3A%2F%2Ft1.kakaocdn.net%2Fmystore%2FC92FF8DF8958434192FA28B5B6008C7B
1216178029,허닛,메이플 그릴드 치즈,"9,800",https://img1.kakaocdn.net/cthumb/local/C212x180.q50/?fname=http%3A%2F%2Ft1.kakaocdn.net%2Fmystore%2FCE72237C6F434D58924A9F67BF302271
1216178029,허닛,크리스피 프라이드 치킨,변동가격,https://img1.kakaocdn.net/cthumb/local/C212x180.q50/?fname=http%3A%2F%2Ft1.kakaocdn.net%2Fmystore%2F61FB2293543F4FB5953B3FD3D055DD42
1216178029,허닛,크라운 크러스트 라자냐,"14,800",https://img1.kakaocdn.net/cthumb/local/C212x180.q50/?fname=http%3A%2F%2Ft1.kakaocdn.net%2Fmystore%2FA64800F3F70842F999E97E52FAD9693A
1216178029,허닛,크리미 양송이 수프와 호밀빵,"8,500",https://img1.kakaocdn.net/cthumb/local/C212x180.q50/?fname=http%3A%2F%2Ft1.kakaocdn.net%2Fmystore%2FC15D6DF58B5945B58124303DD0B18B96
1216178029,허닛,올마이티 샐러드,"12,500",https://img1.kakaocdn.net/cthumb/local/C212x180.q50/?fname=http%3A%2F%2Ft1.kakaocdn.net%2Fmystore%2FD661B9E8134042A8BD41778CA5057006
1216178029,허닛,시저 샐러드,"10,500",https://img1.kakaocdn.net/cthumb/local/C212x180.q50/?fname=http%3A%2F%2Ft1.kakaocdn.net%2Fmystore%2FC1BB754B5D774065A05338C6D727F2EB
1216178029,허닛,하리사 치킨 시저 샐러드,"12,500",https://img1.kakaocdn.net/cthumb/local/C212x180.q50/?fname=http%3A%2F%2Ft1.kakaocdn.net%2Fmystore%2FC32DFF473C154234BE9AAB59395127DA
742227788,짝태와노가리 암사점,친구세트1,"12,500",
742227788,짝태와노가리 암사점,친구세트2,"13,000",
742227788,짝태와노가리 암사점,짝태,"15,000",
742227788,짝태와노가리 암사점,황태바삭이,"14,000",
742227788,짝태와노가리 암사점,마약소세지,"9,000",
742227788,짝태와노가리 암사점,콘치즈,"6,000",
742227788,짝태와노가리 암사점,한치,"6,000",
742227788,짝태와노가리 암사점,조개탕,"15,000",
742227788,짝태와노가리 암사점,번데기탕,"7,500",
742227788,짝태와노가리 암사점,쫀득이문어발,"9,000",
742227788,짝태와노가리 암사점,반건조오징어,"13,000",
742227788,짝태와노가리 암사점,파인애플시베트,"7,500",
742227788,짝태와노가리 암사점,국물떡볶이,"11,000",
742227788,짝태와노가리 암사점,짝태어묵탕,"16,000",
742227788,짝태와노가리 암사점,만두김치찌개,"11,000",
742227788,짝태와노가리 암사점,후라이드치킨,"17,000",
742227788,짝태와노가리 암사점,양념치킨,"18,000",
742227788,짝태와노가리 암사점,간장치킨,"18,000",
742227788,짝태와노가리 암사점,매운치킨,"18,000",
1889494256,올떡 잠실야구장3루점,날치대장주먹밥,,
1889494256,올떡 잠실야구장3루점,대장주먹밥,,
1889494256,올떡 잠실야구장3루점,뱀파이어 떡볶이,,
1889494256,올떡 잠실야구장3루점,와사비크림떡볶이,,
1889494256,올떡 잠실야구장3루점,튀긴오뎅,,
1889494256,올떡 잠실야구장3루점,옛날떡볶이,,
1889494256,올떡 잠실야구장3루점,짜장떡볶이,,
1889494256,올떡 잠실야구장3루점,오마이징어튀김,,
1889494256,올떡 잠실야구장3루점,로제떡볶이,,
1889494256,올떡 잠실야구장3루점,로제 치킨,,
1889494256,올떡 잠실야구장3루점,왕김말이 튀김,,
1889494256,올떡 잠실야구장3루점,잡채말이,,
1889494256,올떡 잠실야구장3루점,왕새우튀김,,
1889494256,올떡 잠실야구장3루점,먹물핫도그,,
1889494256,올떡 잠실야구장3루점,대왕치즈스틱,,
22757511,맛닭꼬 답십리점,오리지날 로스트,,https://img1.kakaocdn.net/cthumb/local/C212x180.q50/?fname=http%3A%2F%2Ft1.daumcdn.net%2Fplace%2F429F9226D68E460EBAEC2748EFF6E2F0
22757511,맛닭꼬 답십리점,오리지날 현미베이크,,https://img1.kakaocdn.net/cthumb/local/C212x180.q50/?fname=http%3A%2F%2Ft1.daumcdn.net%2Fplace%2F84D3978D4A7F4027BE494C70E8D625C4
22757511,맛닭꼬 답십리점,바베큐 로스트,,https://img1.kakaocdn.net/cthumb/local/C212x180.q50/?fname=http%3A%2F%2Ft1.daumcdn.net%2Fplace%2FCBC0FF935E454DC587D22D1FA0F09C98
22757511,맛닭꼬 답십리점,데리갈릭 로스트,,https://img1.kakaocdn.net/cthumb/local/C212x180.q50/?fname=http%3A%2F%2Ft1.daumcdn.net%2Fplace%2F32E2A655A28846E282F84662C0F17496
22757511,맛닭꼬 답십리점,치즈칠리 로스트,,https://img1.kakaocdn.net/cthumb/local/C212x180.q50/?fname=http%3A%2F%2Ft1.daumcdn.net%2Fplace%2FA87F220FB8444AF19FC5CAB065D421FA
22757511,맛닭꼬 답십리점,깐풍기 로스트,,https://img1.kakaocdn.net/cthumb/local/C212x180.q50/?fname=http%3A%2F%2Ft1.daumcdn.net%2Fplace%2FD066E86E7F454684A7BCE9E18B82A426
22757511,맛닭꼬 답십리점,두반장 로스트,,https://img1.kakaocdn.net/cthumb/local/C212x180.q50/?fname=http%3A%2F%2Ft1.daumcdn.net%2Fplace%2FB882D058F3C44C25B726DA5B2563F0B9
22757511,맛닭꼬 답십리점,갈비 로스트,,https://img1.kakaocdn.net/cthumb/local/C212x180.q50/?fname=http%3A%2F%2Ft1.daumcdn.net%2Fplace%2FB4C775BB53A645FFBB0C06AA2BA95755
22757511,맛닭꼬 답십리점,숯불 로스트,,https://img1.kakaocdn.net/cthumb/local/C212x180.q50/?fname=http%3A%2F%2Ft1.daumcdn.net%2Fplace%2F000566BE8BB64C5795462C7A13155527
22757511,맛닭꼬 답십리점,로스트 순살 파닭,,https://img1.kakaocdn.net/cthumb/local/C212x180.q50/?fname=http%3A%2F%2Ft1.daumcdn.net%2Fplace%2F288A79B7524A4E25AF7C609179578B22
22757511,맛닭꼬 답십리점,치즈 순살 퐁닭,,https://img1.kakaocdn.net/cthumb/local/C212x180.q50/?fname=http%3A%2F%2Ft1.daumcdn.net%2Fplace%2F977B2FC3976E46D8925888BF0A364B51
22757511,맛닭꼬 답십리점,갈릭 현미베이크,,https://img1.kakaocdn.net/cthumb/local/C212x180.q50/?fname=http%3A%2F%2Ft1.daumcdn.net%2Fplace%2FC4B23DA38E3B428C83B12EA5355B5CD8
22757511,맛닭꼬 답십리점,강정 현미베이크,,https://img1.kakaocdn.net/cthumb/local/C212x180.q50/?fname=http%3A%2F%2Ft1.daumcdn.net%2Fplace%2F673D6462F6A74111919928839DDDD43F
22757511,맛닭꼬 답십리점,칠리 현미베이크,,https://img1.kakaocdn.net/cthumb/local/C212x180.q50/?fname=http%3A%2F%2Ft1.daumcdn.net%2Fplace%2F5BB88C18D3B54FB3A412705A8943AC48
22757511,맛닭꼬 답십리점,핫소스 현미베이크,,https://img1.kakaocdn.net/cthumb/local/C212x180.q50/?fname=http%3A%2F%2Ft1.daumcdn.net%2Fplace%2F0A77BB27C3044344A849E3DD9DA7647F
22757511,맛닭꼬 답십리점,마라 현미베이크,,https://img1.kakaocdn.net/cthumb/local/C212x180.q50/?fname=http%3A%2F%2Ft1.daumcdn.net%2Fplace%2F4D874701064748608522D3C211113F2F
22757511,맛닭꼬 답십리점,트리플 현미베이크,,https://img1.kakaocdn.net/cthumb/local/C212x180.q50/?fname=http%3A%2F%2Ft1.daumcdn.net%2Fplace%2F08EA49024EE749AAA66CF04528F2784D
22757511,맛닭꼬 답십리점,마늘아 현미베이크,,https://img1.kakaocdn.net/cthumb/local/C212x180.q50/?fname=http%3A%2F%2Ft1.daumcdn.net%2Fplace%2F355F6C30BC174B0DB07AD726B8A50F8D
22757511,맛닭꼬 답십리점,고추강정 현미베이크,,https://img1.kakaocdn.net/cthumb/local/C212x180.q50/?fname=http%3A%2F%2Ft1.daumcdn.net%2Fplace%2F4403C42980B34CDDBB31C817E7386705
22757511,맛닭꼬 답십리점,파파닭 현미베이크,,https://img1.kakaocdn.net/cthumb/local/C212x180.q50/?fname=http%3A%2F%2Ft1.daumcdn.net%2Fplace%2F05AA85B710F043EBA3A8D58C35F7512D
22757511,맛닭꼬 답십리점,사천 현미베이크,,https://img1.kakaocdn.net/cthumb/local/C212x180.q50/?fname=http%3A%2F%2Ft1.daumcdn.net%2Fplace%2FF217D3AB2EB945178E8FC7D46F35B4D8
22757511,맛닭꼬 답십리점,치즈 뿌리꼬 현미베이크,,https://img1.kakaocdn.net/cthumb/local/C212x180.q50/?fname=http%3A%2F%2Ft1.daumcdn.net%2Fplace%2F3ACA340D897246629F687B12DC258951
22757511,맛닭꼬 답십리점,카레 뿌리꼬 현미베이크,,https://img1.kakaocdn.net/cthumb/local/C212x180.q50/?fname=http%3A%2F%2Ft1.daumcdn.net%2Fplace%2FCDAEACAA9681455481D0E4F959221F66
22757511,맛닭꼬 답십리점,어니언 순살 현미베이크,,https://img1.kakaocdn.net/cthumb/local/C212x180.q50/?fname=http%3A%2F%2Ft1.daumcdn.net%2Fplace%2F5F20408CAF5B4E55B5CB87CBD6ABF1A1
22757511,맛닭꼬 답십리점,참치 순살 현미베이크,,https://img1.kakaocdn.net/cthumb/local/C212x180.q50/?fname=http%3A%2F%2Ft1.daumcdn.net%2Fplace%2F313AE77BF72C45C1BA99A3CA6FEFB2D6
22757511,맛닭꼬 답십리점,유린기 순살 현미베이크,,https://img1.kakaocdn.net/cthumb/local/C212x180.q50/?fname=http%3A%2F%2Ft1.daumcdn.net%2Fplace%2F90EC5B94856B4CF0907C0D06FBF54152
1078432430,제주흑돼지마을,제주흑돼지김치찌개,"10,000",
1078432430,제주흑돼지마을,김치찜(1인),"10,000",
1078432430,제주흑돼지마을,제육볶음 (중),"25,000",
1078432430,제주흑돼지마을,흑돼지생오겹(180g),"21,000",
21132283,중국관,짜장(현금가),"5,000",
21132283,중국관,간짜장(현금가),"7,000",
21132283,중국관,짬뽕(현금가),"7,000",
21132283,중국관,우동,"7,000",
21132283,중국관,울면,"7,000",
21132283,중국관,삼선짜장,"9,000",
21132283,중국관,삼선짬뽕,"9,000",
21132283,중국관,삼선우동,"9,000",
21132283,중국관,삼선울면,"9,000",
21132283,중국관,기스면,"10,000",
21132283,중국관,고추짬뽕,"10,000",
21132283,중국관,특면,"10,000",
21132283,중국관,볶음밥,"7,000",
21132283,중국관,짬뽕밥,"7,000",
21132283,중국관,오무라이스,"7,000",
21132283,중국관,삼선볶음밥,"9,000",
21132283,중국관,탕수육(소),"22,000",
21132283,중국관,잡채(소),"22,000",
21132283,중국관,라조육(소),"22,000",
21132283,중국관,깐풍기(소),"23,000",
21132283,중국관,덴뿌라(소),"22,000",
2146512128,정통숯불꼬치구이구르메 위례역점,간사이오뎅탕,"18,000",
2146512128,정통숯불꼬치구이구르메 위례역점,김치간사이오뎅탕,"19,000",
2146512128,정통숯불꼬치구이구르메 위례역점,차돌오뎅탕,"20,000",
2146512128,정통숯불꼬치구이구르메 위례역점,나가사끼해물짬뽕탕,"20,000",
2146512128,정통숯불꼬치구이구르메 위례역점,나가사끼등심짬뽕탕,"20,000",
2146512128,정통숯불꼬치구이구르메 위례역점,사천나가사끼해물짬뽕탕,"20,000",
2146512128,정통숯불꼬치구이구르메 위례역점,사천나가사끼등심짬뽕탕,"20,000",
2146512128,정통숯불꼬치구이구르메 위례역점,카레차돌나베,"20,000",
2146512128,정통숯불꼬치구이구르메 위례역점,돈가츠김치나베,"20,000",
2146512128,정통숯불꼬치구이구르메 위례역점,해물누룽지탕,"20,000",
2146512128,정통숯불꼬치구이구르메 위례역점,명란계란말이,"18,000",
2146512128,정통숯불꼬치구이구르메 위례역점,야끼소바,"20,000",
2146512128,정통숯불꼬치구이구르메 위례역점,오꼬노미야끼,"20,000",
2146512128,정통숯불꼬치구이구르메 위례역점,해물볶음우동,"20,000",
2146512128,정통숯불꼬치구이구르메 위례역점,차돌숙주볶음,"20,000",
2146512128,정통숯불꼬치구이구르메 위례역점,통새우구이 (8~10p),"22,000",
2146512128,정통숯불꼬치구이구르메 위례역점,메로구이,"24,000",
2146512128,정통숯불꼬치구이구르메 위례역점,닭껍질만두,"18,000",
2146512128,정통숯불꼬치구이구르메 위례역점,이까게소 (오징어다리튀김),"18,000",
2146512128,정통숯불꼬치구이구르메 위례역점,치킨가라아게,"18,000",
2146512128,정통숯불꼬치구이구르메 위례역점,닭날개가라아게,"18,000",
2146512128,정통숯불꼬치구이구르메 위례역점,문어가라아게,"20,000",
2146512128,정통숯불꼬치구이구르메 위례역점,통새우가라아게,"20,000",
2146512128,정통숯불꼬치구이구르메 위례역점,치킨샐러드,"18,000",
2146512128,정통숯불꼬치구이구르메 위례역점,차돌박이샐러드,"20,000",
2146512128,정통숯불꼬치구이구르메 위례역점,생연어샐러드,"20,000",
2146512128,정통숯불꼬치구이구르메 위례역점,참치다다끼,"22,000",
2146512128,정통숯불꼬치구이구르메 위례역점,연어다다끼,"22,000",
2146512128,정통숯불꼬치구이구르메 위례역점,소고기다다끼,"22,000",
2146512128,정통숯불꼬치구이구르메 위례역점,생연어사시미,"25,000",
231982402,토브,TOV버거,"5,300",
231982402,토브,할라치킨버거,"5,300",
231982402,토브,불고기치즈버거,"5,900",
231982402,토브,스파이시버거,"5,900",
231982402,토브,파인치즈버거,"6,500",
1605919708,모노치즈 수서점,크림치즈 홀,"3,800",
1605919708,모노치즈 수서점,연어크림치즈 홀,"6,200",
1605919708,모노치즈 수서점,닭가슴살 샐러드,"4,500",
1605919708,모노치즈 수서점,리코타치즈 샐러드,"4,700",
1605919708,모노치즈 수서점,불고기 파니니,"5,300",
1915095795,갤러리덴,부라타 바질 카펠리니,"19,500",https://img1.kakaocdn.net/cthumb/local/C212x180.q50/?fname=http%3A%2F%2Ft1.kakaocdn.net%2Fmystore%2F587BA73757F946FD8F1F5F25ED10C7FD
1915095795,갤러리덴,생 트러플 크림 파스타,"18,500",https://img1.kakaocdn.net/cthumb/local/C212x180.q50/?fname=http%3A%2F%2Ft1.kakaocdn.net%2Fmystore%2F0B0CA32EC49D468791FF6F61DFC8BE50
1915095795,갤러리덴,네 가지 버섯 샐러드,"14,500",https://img1.kakaocdn.net/cthumb/local/C212x180.q50/?fname=http%3A%2F%2Ft1.kakaocdn.net%2Fmystore%2F8EF663070D004EE49CED54B8ACD0D0B5
1915095795,갤러리덴,닭 가슴살 샐러드,"14,500",https://img1.kakaocdn.net/cthumb/local/C212x180.q50/?fname=http%3A%2F%2Ft1.kakaocdn.net%2Fmystore%2FAFD220D7841E462EBC2B89AD3F231245
1915095795,갤러리덴,베이컨 프렌치 토스트,"15,500",https://img1.kakaocdn.net/cthumb/local/C212x180.q50/?fname=http%3A%2F%2Ft1.kakaocdn.net%2Fmystore%2F5E8CA0773F3D4868868EE51C141E033A
1915095795,갤러리덴,프렌치 어니언 수프,"12,500",https://img1.kakaocdn.net/cthumb/local/C212x180.q50/?fname=http%3A%2F%2Ft1.kakaocdn.net%2Fmystore%2FBC7605DB9CBF49679474F90EA0B1FA8B
1915095795,갤러리덴,브라운 치즈 바게트(2pcs),"7,500",https://img1.kakaocdn.net/cthumb/local/C212x180.q50/?fname=http%3A%2F%2Ft1.kakaocdn.net%2Fmystore%2F063A52FACC2A4A799D81F82540FB3433
1915095795,갤러리덴,브라운 치즈와 멜론 (시즌메뉴),"16,500",https://img1.kakaocdn.net/cthumb/local/C212x180.q50/?fname=http%3A%2F%2Ft1.kakaocdn.net%2Fmystore%2FE010624E15D7498CA4B6BC322FAB81AA
1915095795,갤러리덴,하몽과 메론 (시즌메뉴),"16,500",https://img1.kakaocdn.net/cthumb/local/C212x180.q50/?fname=http%3A%2F%2Ft1.kakaocdn.net%2Fmystore%2F71660BB4CC1D4E5EA70C07E2DEA36240
1915095795,갤러리덴,올리브오일 & 아이스크림,"6,500",https://img1.kakaocdn.net/cthumb/local/C212x180.q50/?fname=http%3A%2F%2Ft1.kakaocdn.net%2Fmystore%2F0BA636A25EC4413394FD20F08215E5F5
1915095795,갤러리덴,바나나푸딩,"6,500",https://img1.kakaocdn.net/cthumb/local/C212x180.q50/?fname=http%3A%2F%2Ft1.kakaocdn.net%2Fmystore%2F77471FCF81794843B5B2D094B8C72B26
1915095795,갤러리덴,부라타치즈,"16,500",
1915095795,갤러리덴,아메리카노(HOT),"5,000",
1915095795,갤러리덴,라떼(HOT),"5,500",
1915095795,갤러리덴,바닐라 빈 라떼(HOT),"6,000",
1915095795,갤러리덴,딸기 라떼,"6,500",
1915095795,갤러리덴,그린티 라떼,"6,000",
1915095795,갤러리덴,자몽차,"6,500",
1915095795,갤러리덴,토마토 바질 에이드,"7,500",
1915095795,갤러리덴,청귤 에이드,"7,000",
614466338,철길부산집 신당점,부산집불떡볶이,"18,000",
614466338,철길부산집 신당점,냉채족발쌈,"19,000",
614466338,철길부산집 신당점,순살치킨가라아게,"18,000",
614466338,철길부산집 신당점,야끼소바,"18,000",
614466338,철길부산집 신당점,버터문어다리구이,"18,000",
614466338,철길부산집 신당점,츄러스먹태구이,"16,500",
1983343830,일월수제만두,고기교자 (8개),"5,000",
1983343830,일월수제만두,김치교자 (8개),"5,000",
1983343830,일월수제만두,새우만두 (5개),"5,500",
1983343830,일월수제만두,고기왕만두 (5개),"5,000",
1983343830,일월수제만두,김치왕만두 (5개),"5,000",
1983343830,일월수제만두,우유찐빵 (4개),"5,000",
980628191,미쓰냉삼,냉동삼겹살,"14,000",
980628191,미쓰냉삼,차돌박이,"20,000",
980628191,미쓰냉삼,차돌+관자,"23,000",
980628191,미쓰냉삼,냉동목살,"14,000",
27227118,피자헛 한티본점,씨푸드킹 L,"36,900",
27227118,피자헛 한티본점,토핑킹&수퍼슈프림 L,"36,400",
27227118,피자헛 한티본점,립스테이크&쉬림프 L,"37,900",
27227118,피자헛 한티본점,수퍼슈프림 L,"33,900",
27227118,피자헛 한티본점,토핑킹 L,"36,900",
27227118,피자헛 한티본점,립스테이크 L,"36,900",
27227118,피자헛 한티본점,직화불고기 L,"33,900",
27227118,피자헛 한티본점,콤비네이션&LA 불고기 L,"29,900",
27227118,피자헛 한티본점,콤비네이션&페페로니 L,"27,900",
27227118,피자헛 한티본점,페페로니 러버 L,"25,900",
27227118,피자헛 한티본점,프레시 마르게리따,"24,900",
27227118,피자헛 한티본점,치즈 러버 L,"23,900",
27227118,피자헛 한티본점,콤비네이션 1958 L,"27,900",
27227118,피자헛 한티본점,멜팅치즈 포테이토 L,"27,900",
27227118,피자헛 한티본점,서프라이즈콤보세트,"10,500",
27227118,피자헛 한티본점,해피콤보세트,"9,100",
27227118,피자헛 한티본점,콘소메 팝콘치킨(20ea),"3,200",
27227118,피자헛 한티본점,소이갈릭 윙 4조각,"4,200",
27227118,피자헛 한티본점,소이갈릭 윙 8조각,"7,900",
27227118,피자헛 한티본점,코울슬로,"1,600",
812444,상도,민어구이,"30,000",https://img1.kakaocdn.net/cthumb/local/C212x180.q50/?fname=http%3A%2F%2Ft1.daumcdn.net%2Flocalfiy%2F5A8049DA7FA14E2592E123EFE55BD9E9
812444,상도,소고기육전,"25,000",https://img1.kakaocdn.net/cthumb/local/C212x180.q50/?fname=http%3A%2F%2Ft1.daumcdn.net%2Flocalfiy%2F098A341DA21D437C9397590117A431FA
812444,상도,차돌짬뽕탕,"27,000",https://img1.kakaocdn.net/cthumb/local/C212x180.q50/?fname=http%3A%2F%2Ft1.daumcdn.net%2Flocalfiy%2F52016BFBC5D34808A00F84DA36233B63
812444,상도,남도식 한우육회,"28,000",
812444,상도,상도닭강정,"23,000",
812444,상도,문어숙회,"32,000",
812444,상도,냉채족발,"29,000",
812444,상도,삼겹무침과비빔면,"21,000",
812444,상도,상큼한 오징어 초무침,"20,000",
812444,상도,차돌구이와 영양부추무침,"22,000",
812444,상도,돼지고기바싹구이,"19,000",
812444,상도,쌈싸먹는 명란구이,"22,000",
812444,상도,소시지 야채볶음,"21,000",
812444,상도,두부김치,"19,000",
812444,상도,고추장로제 해물파스타,"21,000",
812444,상도,명란 감자전,"19,000",
812444,상도,얼큰순두부,"24,000",
812444,상도,닭도리탕,"30,000",
812444,상도,스지어묵탕,"26,000",
812444,상도,낙지맑은탕,"27,000",
2104892398,라뜰리에 르지우 롯데에비뉴엘 월드타워점,관자 카르파치오,"35,000",
2104892398,라뜰리에 르지우 롯데에비뉴엘 월드타워점,클램 차우더,"21,000",
2104892398,라뜰리에 르지우 롯데에비뉴엘 월드타워점,한치 씨저샐러드,"22,000",
2104892398,라뜰리에 르지우 롯데에비뉴엘 월드타워점,비프 타르타르,"39,000",
2104892398,라뜰리에 르지우 롯데에비뉴엘 월드타워점,여름 문어,"36,000",
2104892398,라뜰리에 르지우 롯데에비뉴엘 월드타워점,연어 그라브락스,"26,000",
2104892398,라뜰리에 르지우 롯데에비뉴엘 월드타워점,봉골레 링귀니(건면),"32,000",
2104892398,라뜰리에 르지우 롯데에비뉴엘 월드타워점,우니 스파게티니(생면),"49,000",
2104892398,라뜰리에 르지우 롯데에비뉴엘 월드타워점,화이트라구 탈레아탈레(생면),"36,000",
2104892398,라뜰리에 르지우 롯데에비뉴엘 월드타워점,카르보나라 스파게티니(생면),"31,000",
2104892398,라뜰리에 르지우 롯데에비뉴엘 월드타워점,라자냐,"35,000",
2104892398,라뜰리에 르지우 롯데에비뉴엘 월드타워점,트러플 탈레아탈레(생면),"49,000",
2104892398,라뜰리에 르지우 롯데에비뉴엘 월드타워점,모렐버섯 크림 리조또,"43,000",
2104892398,라뜰리에 르지우 롯데에비뉴엘 월드타워점,홍합 리조또,"36,000",
2104892398,라뜰리에 르지우 롯데에비뉴엘 월드타워점,마레 페스카토레 링귀니(건면),"48,000",
2104892398,라뜰리에 르지우 롯데에비뉴엘 월드타워점,디아볼라 피자,"34,000",
2104892398,라뜰리에 르지우 롯데에비뉴엘 월드타워점,마르게리따 피자,"32,000",
2104892398,라뜰리에 르지우 롯데에비뉴엘 월드타워점,무화과 포르마지 피자,"34,000",
2104892398,라뜰리에 르지우 롯데에비뉴엘 월드타워점,한우 1++ 채끝 스테이크,"91,000",
2104892398,라뜰리에 르지우 롯데에비뉴엘 월드타워점,계절 생선 스테이크,"78,000",
2104892398,라뜰리에 르지우 롯데에비뉴엘 월드타워점,올리브 마리네이드,"10,000",
2104892398,라뜰리에 르지우 롯데에비뉴엘 월드타워점,과일&치즈 플레이트,"32,000",
2104892398,라뜰리에 르지우 롯데에비뉴엘 월드타워점,티라미수,"9,000",
2104892398,라뜰리에 르지우 롯데에비뉴엘 월드타워점,올리브 아이스크림,"10,000",
1074439431,대포집,문어삼합,"39,000",https://img1.kakaocdn.net/cthumb/local/C212x180.q50/?fname=http%3A%2F%2Ft1.kakaocdn.net%2Fmystore%2F00ADB9EEC31E49DDA8D78B25EE3C4321
1074439431,대포집,ㆍ전,"18,000",https://img1.kakaocdn.net/cthumb/local/C212x180.q50/?fname=http%3A%2F%2Ft1.kakaocdn.net%2Fmystore%2FDD8C5D5A000D4633A013FB647936035B
1074439431,대포집,홍어문어사합,"58,000",https://img1.kakaocdn.net/cthumb/local/C212x180.q50/?fname=http%3A%2F%2Ft1.kakaocdn.net%2Fmystore%2F6D58B46E8072442D9233237C626F20FD
846698531,엠비뉴,에스프레소,"4,000",
846698531,엠비뉴,피에노,"4,500",
846698531,엠비뉴,쇼콜라또,"4,500",
846698531,엠비뉴,샤케라또,"4,500",
846698531,엠비뉴,에티오피아 코케허니 핸드드립,"7,000",
846698531,엠비뉴,코케허니 첼바 핸드드립,"7,000",
846698531,엠비뉴,케냐 키암부 핸드드립,"7,000",
846698531,엠비뉴,브라질 세라도 핸드드립,"7,000",
846698531,엠비뉴,아메리카노,"4,500",
846698531,엠비뉴,카페라떼,"5,000",
846698531,엠비뉴,카푸치노,"5,000",
846698531,엠비뉴,바닐라라떼,"5,500",
846698531,엠비뉴,카라멜마끼아또,"5,500",
846698531,엠비뉴,블랙모카라떼,"5,500",
846698531,엠비뉴,아인슈페너,"5,500",
846698531,엠비뉴,돌체라떼,"5,500",
846698531,엠비뉴,아포가토,"6,000",
846698531,엠비뉴,콜드브루,"5,500",
846698531,엠비뉴,콜드브루라떼,"6,000",
846698531,엠비뉴,수제로얄밀크티,"6,000",
846698531,엠비뉴,초코라떼,"5,500",
846698531,엠비뉴,밀크쉐이크,"6,500",
846698531,엠비뉴,레몬에이드,"6,000",
846698531,엠비뉴,제주청귤에이드,"6,000",
846698531,엠비뉴,복숭아아이스티,"4,000",
846698531,엠비뉴,키위주스,"7,000",
846698531,엠비뉴,캐모마일,"5,500",
846698531,엠비뉴,페퍼민트,"5,500",
615349010,제주곤이칼국수 문정점,제주 알곤칼국수,"9,900",
615349010,제주곤이칼국수 문정점,제주 고기칼국수,"9,900",
615349010,제주곤이칼국수 문정점,제주 알곤밥/고기밥,"9,900",
615349010,제주곤이칼국수 문정점,알감자전,"8,000",
615349010,제주곤이칼국수 문정점,숯불갈비(소),"10,000",
615349010,제주곤이칼국수 문정점,고기or김치만두,"5,000",
615349010,제주곤이칼국수 문정점,제주 고기 비빔칼국수,"10,900",
615349010,제주곤이칼국수 문정점,제주 꼬막 비빔칼국수,"10,900",
615349010,제주곤이칼국수 문정점,제주 꼬막 비빔밥,"10,900",
615349010,제주곤이칼국수 문정점,알곤이전골,"29,000",
615349010,제주곤이칼국수 문정점,알곤철판,"29,000",
615349010,제주곤이칼국수 문정점,숯불갈비(대),"24,000",
615349010,제주곤이칼국수 문정점,삼겹수육(소),"15,000",
615349010,제주곤이칼국수 문정점,삼겹수육(대),"28,000",
615349010,제주곤이칼국수 문정점,갈비or짬뽕만두,"6,000",
615349010,제주곤이칼국수 문정점,스페셜전골(3-4인용),"38,000",
865621385,영 베이커리,우리밀 단팥빵,"1,500",https://img1.kakaocdn.net/cthumb/local/C212x180.q50/?fname=http%3A%2F%2Ft1.kakaocdn.net%2Fmystore%2FD95DF3EA288F461D9E198E5D3F53819B
865621385,영 베이커리,크렌베리/초코스콘,"1,500",https://img1.kakaocdn.net/cthumb/local/C212x180.q50/?fname=http%3A%2F%2Ft1.kakaocdn.net%2Fmystore%2F8F2EE9A8195A4E269677519CB35648F2
865621385,영 베이커리,우리밀 식빵,"2,000",https://img1.kakaocdn.net/cthumb/local/C212x180.q50/?fname=http%3A%2F%2Ft1.kakaocdn.net%2Fmystore%2F772148CC86064CA2A6747F484A77D911
865621385,영 베이커리,치아바타,"1,500",https://img1.kakaocdn.net/cthumb/local/C212x180.q50/?fname=http%3A%2F%2Ft1.kakaocdn.net%2Fmystore%2F0A1FD3FE7623426E912AEEF8DCFA037F
388725832,prt prt,푸룻푸룻,"6,500",
388725832,prt prt,prt 마니아,"6,500",
388725832,prt prt,얼그레이 밀크티(Hot only),"6,500",
388725832,prt prt,아쌈 밀크티(Hot only),"6,500",
388725832,prt prt,크림티(밀크티+플레인스콘),"10,000",
388725832,prt prt,에스프레소 마끼아토,"4,500",
388725832,prt prt,아메리카노,"4,500",
388725832,prt prt,디카페인 룽고(Hot only),"5,000",
388725832,prt prt,카페라뗴,"5,000",
388725832,prt prt,카푸치노,"5,000",
388725832,prt prt,바닐라라떼,"5,800",
388725832,prt prt,카페모카,"5,800",
388725832,prt prt,피치우롱티,"5,000",
388725832,prt prt,우바 티,"5,000",
388725832,prt prt,초코라뗴,"5,300",
388725832,prt prt,딸기치즈라떼(Iced only),"5,300",
388725832,prt prt,말차 숲무디,"6,500",
388725832,prt prt,커피 숲무디,"6,500",
1218590343,어머이밥상,갈치조림(2인분),"19,000",https://img1.kakaocdn.net/cthumb/local/C212x180.q50/?fname=http%3A%2F%2Ft1.kakaocdn.net%2Fmystore%2FB23795F14246496C891146B2A7EA93DB
1218590343,어머이밥상,고등어조림(2인분),"19,000",https://img1.kakaocdn.net/cthumb/local/C212x180.q50/?fname=http%3A%2F%2Ft1.kakaocdn.net%2Fmystore%2F1F08CB3B542E432AA67E26CBA23F805E
1218590343,어머이밥상,코다리조림(2인분),"19,000",https://img1.kakaocdn.net/cthumb/local/C212x180.q50/?fname=http%3A%2F%2Ft1.kakaocdn.net%2Fmystore%2F7C257D2E42B84222BFED490034339FF8
1218590343,어머이밥상,가자미구이(1인분)(한마리),"8,000",https://img1.kakaocdn.net/cthumb/local/C212x180.q50/?fname=http%3A%2F%2Ft1.kakaocdn.net%2Fmystore%2F16C901E405AB4CCCBCC104EA8EAF6719
1218590343,어머이밥상,고등어구이(1인분)(반마리),"8,000",https://img1.kakaocdn.net/cthumb/local/C212x180.q50/?fname=http%3A%2F%2Ft1.kakaocdn.net%2Fmystore%2F237F746105EE4271827B168DD876327D
1218590343,어머이밥상,닭볶음탕(반마리)(2인분),"18,000",https://img1.kakaocdn.net/cthumb/local/C212x180.q50/?fname=http%3A%2F%2Ft1.kakaocdn.net%2Fmystore%2F4E7398601D3A4ECC94E425845DB6E121
1218590343,어머이밥상,닭볶음탕(한마리)(3인분),"29,000",https://img1.kakaocdn.net/cthumb/local/C212x180.q50/?fname=http%3A%2F%2Ft1.kakaocdn.net%2Fmystore%2F67FB25DDA2174CC5BD85CA63E4B3DB31
1218590343,어머이밥상,꽃게탕(2인분),"21,000",https://img1.kakaocdn.net/cthumb/local/C212x180.q50/?fname=http%3A%2F%2Ft1.kakaocdn.net%2Fmystore%2F602FE12682364E61A3F3F17831CFC66E
1218590343,어머이밥상,제육볶음,"8,000",https://img1.kakaocdn.net/cthumb/local/C212x180.q50/?fname=http%3A%2F%2Ft1.kakaocdn.net%2Fmystore%2FDCBD6EDED0EC4FB480477199C8DF22E1
1218590343,어머이밥상,소불고기볶음,"9,000",https://img1.kakaocdn.net/cthumb/local/C212x180.q50/?fname=http%3A%2F%2Ft1.kakaocdn.net%2Fmystore%2FDA8433EDA20D4BCA8B81086D5C425C2F
