35480577,소망의빛,서울 서초구 양재대로 54 (우)06768,02-6081-2114,"0
점",0,,카페,[],kakao map
615349010,제주곤이칼국수 문정점,서울 송파구 법원로 114 엠스테이트 E동 지하1층 B114호 (우)05854,02-2283-1119,"5.0
점",6,월~금 11:00 ~ 22:00월~금 휴게시간 15:00 ~ 17:00,칼국수,"[""\uc81c\uc8fc \uc54c\uace4\uce7c\uad6d\uc218"", ""\uc81c\uc8fc \uace0\uae30\uce7c\uad6d\uc218"", ""\uc81c\uc8fc \uc54c\uace4\ubc25/\uace0\uae30\ubc25"", ""\uc54c\uac10\uc790\uc804"", ""\uc22f\ubd88\uac08\ube44(\uc18c)"", ""\uace0\uae30or\uae40\uce58\ub9cc\ub450"", ""\uc81c\uc8fc \uace0\uae30 \ube44\ube54\uce7c\uad6d\uc218"", ""\uc81c\uc8fc \uaf2c\ub9c9 \ube44\ube54\uce7c\uad6d\uc218"", ""\uc81c\uc8fc \uaf2c\ub9c9 \ube44\ube54\ubc25"", ""\uc54c\uace4\uc774\uc804\uace8"", ""\uc54c\uace4\ucca0\ud310"", ""\uc22f\ubd88\uac08\ube44(\ub300)"", ""\uc0bc\uacb9\uc218\uc721(\uc18c)"", ""\uc0bc\uacb9\uc218\uc721(\ub300)"", ""\uac08\ube44or\uc9ec\ubf55\ub9cc\ub450"", ""\uc2a4\ud398\uc15c\uc804\uace8(3-4\uc778\uc6a9)""]",kakao map
865621385,영 베이커리,서울 성동구 독서당로 187 3층 308호 (우)04732,010-3181-1913,"0
점",0,,"제과,베이커리","[""\uc6b0\ub9ac\ubc00 \ub2e8\ud325\ube75"", ""\ud06c\ub80c\ubca0\ub9ac/\ucd08\ucf54\uc2a4\ucf58"", ""\uc6b0\ub9ac\ubc00 \uc2dd\ube75"", ""\uce58\uc544\ubc14\ud0c0""]",kakao map
388725832,prt prt,서울 서초구 양재천로 69 1층 (우)06754,,"3.7
점",3,매일 09:00 ~ 18:00,카페,"[""\ud478\ub8fb\ud478\ub8fb"", ""prt \ub9c8\ub2c8\uc544"", ""\uc5bc\uadf8\ub808\uc774 \ubc00\ud06c\ud2f0(Hot only)"", ""\uc544\uc308 \ubc00\ud06c\ud2f0(Hot only)"", ""\ud06c\ub9bc\ud2f0(\ubc00\ud06c\ud2f0+\ud50c\ub808\uc778\uc2a4\ucf58)"", ""\uc5d0\uc2a4\ud504\ub808\uc18c \ub9c8\ub07c\uc544\ud1a0"", ""\uc544\uba54\ub9ac\uce74\ub178"", ""\ub514\uce74\ud398\uc778 \ub8fd\uace0(Hot only)"", ""\uce74\ud398\ub77c\ub5f4"", ""\uce74\ud478\uce58\ub178"", ""\ubc14\ub2d0\ub77c\ub77c\ub5bc"", ""\uce74\ud398\ubaa8\uce74"", ""\ud53c\uce58\uc6b0\ub871\ud2f0"", ""\uc6b0\ubc14 \ud2f0"", ""\ucd08\ucf54\ub77c\ub5f4"", ""\ub538\uae30\uce58\uc988\ub77c\ub5bc(Iced only)"", ""\ub9d0\ucc28 \uc232\ubb34\ub514"", ""\ucee4\ud53c \uc232\ubb34\ub514""]",kakao map
1218590343,어머이밥상,서울 광진구 천호대로112길 28 1층 (우)04985,02-456-5881,"4.3
점",20,화~금 11:00 ~ 24:00,한식,"[""\uac08\uce58\uc870\ub9bc(2\uc778\ubd84)"", ""\uace0\ub4f1\uc5b4\uc870\ub9bc(2\uc778\ubd84)"", ""\ucf54\ub2e4\ub9ac\uc870\ub9bc(2\uc778\ubd84)"", ""\uac00\uc790\ubbf8\uad6c\uc774(1\uc778\ubd84)(\ud55c\ub9c8\ub9ac)"", ""\uace0\ub4f1\uc5b4\uad6c\uc774(1\uc778\ubd84)(\ubc18\ub9c8\ub9ac)"", ""\ub2ed\ubcf6\uc74c\ud0d5(\ubc18\ub9c8\ub9ac)(2\uc778\ubd84)"", ""\ub2ed\ubcf6\uc74c\ud0d5(\ud55c\ub9c8\ub9ac)(3\uc778\ubd84)"", ""\uaf43\uac8c\ud0d5(2\uc778\ubd84)"", ""\uc81c\uc721\ubcf6\uc74c"", ""\uc18c\ubd88\uace0\uae30\ubcf6\uc74c"", ""\uc624\uc9d5\uc5b4\ubcf6\uc74c"", ""\uaf43\ub3c4\ub9ac\ud0d5(\uc911)(3\uc778\ubd84)"", ""\uaf43\ub3c4\ub9ac\ud0d5(\ub300)(4\uc778\ubd84)""]",kakao map
1566670702,꿀때기곱창,서울 강남구 역삼로63길 13 1층 (우)06198,02-558-0809,"3.7
점",24,매일 16:00 ~ 01:00,"곱창,막창","[""\uc57c\ucc44\uacf1\ucc3d"", ""\uc54c\uacf1\ucc3d"", ""\uc21c\ub300\uacf1\ucc3d""]",kakao map
1927791928,샤브테이블 롯데백화점잠실점,서울 송파구 올림픽로 240 지하 1층 (우)05554,,"0
점",0,,샤브샤브,[],kakao map
234736616,대림국수,서울 서초구 서초중앙로22길 25 서초리시온 1층 113호 (우)06634,02-545-6848,"1.0
점",1,,국수,[],kakao map
16039519,느낌,서울 강동구 성안로 43 (우)05396,02-482-2218,"0
점",0,,술집,[],kakao map
23037858,호박민속주점,서울 송파구 중대로9길 45-5 (우)05711,,"5.0
점",1,,"호프,요리주점",[],kakao map
1071958345,남도한식,서울 강동구 양재대로 1376 (우)05372,02-485-7770,"0
점",0,,한식,[],kakao map
26639136,홍도초밥,서울 광진구 아차산로29길 58 (우)05016,02-466-1217,"4.2
점",76,"월,화,목,금,토,일 11:30 ~ 23:00","초밥,롤","[""\uc5f0\uc5b4\uc0ac\uc2dc\ubbf8"", ""\uc5f0\uc5b4 + \uad11\uc5b4"", ""\uad11\uc5b4\uc0ac\uc2dc\ubbf8"", ""\ubaa8\ub4ec\uc0ac\uc2dc\ubbf8"", ""\ud2b9\ubaa8\ub4ec\uc0ac\uc2dc\ubbf8"", ""\ucc38\uce58\uc0ac\uc2dc\ubbf8"", ""\ud65c\uc5b4\ub36e\ubc25"", ""\uc5f0\uc5b4\ub36e\ubc25"", ""\ud2b9\ub36e\ubc25"", ""\ubb3c\ud68c"", ""\uc54c\ubc25"", ""\uc6b0\ub3d9"", ""\ubaa8\ubc00"", ""\ud0c0\ucf54\uc640\uc0ac\ube44"", ""\uc5f0\uc5b4\uba38\ub9ac\uad6c\uc774""]",kakao map
8138486,한국교자 잠실점,서울 송파구 송파대로 558 월드타워빌딩 지하1층 (우)05510,,"3.9
점",12,매일 10:30 ~ 22:30,국수,"[""\uc804\ud1b5\ub9cc\ub450"", ""\uc5bc\ud070\uc218\uc81c\ube44"", ""\uad50\uc790\uce7c\uad6d\uc218"", ""\uac08\ube44\ub9cc\ub450"", ""\uc0c8\uc6b0\ub9cc\ub450""]",kakao map
1490864302,투뿔한우천국,서울 송파구 오금로15길 9 2층 (우)05548,010-6464-0098,"4.3
점",24,매일 11:00 ~ 04:00,"육류,고기","[""1++\uc0dd\ub4f1\uc2ec 500g(\ub85c\uc584\ub4f1\uae09)"", ""1++\uaf43\ub4f1\uc2ec 300g(\ub85c\uc584\ub4f1\uae09)"", ""1++\ud55c\uc6b0\ubaa8\ub4ec 500g(\ub85c\uc584\ub4f1\uae09)"", ""1++\uc81c\ube44\ucd94\ub9ac 150g(\ub85c\uc584\ub4f1\uae09)"", ""1++\uac08\ube44\uc0b4 150g(\ub85c\uc584\ub4f1\uae09)"", ""1++\ucc28\ub3cc\ubc15\uc774 200g (\ub85c\uc584\ub4f1\uae09)"", ""1++\uc0dd\ub4f1\uc2ec \ubc18 250g(\ub85c\uc584\ub4f1\uae09)"", ""\uc721\uc0ac\uc2dc\ubbf8 \u5927 400g"", ""\uc721\uc0ac\uc2dc\ubbf8 \u5c0f 200g"", ""\uc721\ud68c \u5927 400g"", ""\uc721\ud68c \u5c0f 200g"", ""\ud55c\uc6b0\uc721\ud68c\ube44\ube54\uba74"", ""\ucc28\ub3cc\ub77c\uba74"", ""\uae40\uce58\ub9d0\uc774\uad6d\uc218"", ""\ucc28\ub3cc\ub41c\uc7a5\uc220\ubc25"", ""\ubb35\uc0ac\ubc1c"", ""\ucc28\ub3cc\ub41c\uc7a5\ucc0c\uac1c"", ""\uae4d\ub450\uae30\ubcf6\uc74c\ubc25""]",kakao map
59204756,뿔난황소곱창,서울 광진구 아차산로 335 (우)05027,,"0
점",0,,"곱창,막창",[],kakao map
1319598831,채움한식집밥,서울 송파구 가락로 61 1층 (우)05690,02-6339-9876,"0
점",0,,한식,"[""\ucc44\uc6c0\ud55c\uc2dd\uc9d1\ubc25"", ""\uc0bc\uacb9\uc0b4"", ""\uc18c\uba38\ub9ac\uad6d\ubc25"", ""\uc220\uad6d"", ""\uae40\uce58\ucc0c\uac1c"", ""\ub41c\uc7a5\ucc0c\uac1c""]",kakao map
2002518777,스타벅스 삼성역섬유센터R점,서울 강남구 테헤란로 518 (우)06180,1522-3232,"3.3
점",25,월~금 07:00 ~ 22:00,스타벅스,"[""\ube14\ub799 \uae00\ub808\uc774\uc988\ub4dc \ub77c\ub5bc"", ""\uc544\uc774\uc2a4 \ube14\ub799 \uae00\ub808\uc774\uc988\ub4dc \ub77c\ub5bc"", ""\ud38c\ud0a8 \uc2a4\ud30c\uc774\uc2a4 \uc624\ud2b8 \uc544\uc774\uc2a4 \uc250\uc774\ud070 \uc5d0\uc2a4\ud504\ub808\uc18c"", ""\uccad\ud3ec\ub3c4 \uc720\uc790 \ub808\ubaa8\ub124\uc774\ub4dc \ub9ac\ud504\ub808\uc154"", ""\uc624\ub298\uc758 \ucee4\ud53c"", ""\uce74\ud478\uce58\ub178"", ""\uce74\ud398 \ub77c\ub5bc"", ""\uce74\ud398 \ubaa8\uce74"", ""\uce74\ud398 \uc544\uba54\ub9ac\uce74\ub178"", ""\uce74\ub77c\uba5c \ub9c8\ud0a4\uc544\ub610"", ""\ud654\uc774\ud2b8 \ucd08\ucf5c\ub9bf \ubaa8\uce74"", ""\uc2a4\ud0c0\ubc85\uc2a4 \ub3cc\uccb4 \ub77c\ub5bc"", ""\uc790\ubc14 \uce69 \ud504\ub77c\ud478\uce58\ub178"", ""\ub9dd\uace0 \ubc14\ub098\ub098 \ube14\ub80c\ub514\ub4dc"", ""\uc544\uc774\uc2a4 \uc790\ubabd \ud5c8\ub2c8 \ube14\ub799 \ud2f0"", ""\uc790\ubabd \ud5c8\ub2c8 \ube14\ub799 \ud2f0"", ""\ucf5c\ub4dc \ube0c\ub8e8"", ""\ub514\uce74\ud398\uc778 \uce74\ud398 \uc544\uba54\ub9ac\uce74\ub178"", ""\ub514\uce74\ud398\uc778 \uce74\ud398 \ub77c\ub5bc"", ""\uc81c\uc8fc \ub9d0\ucc28 \ub77c\ub5bc"", ""\ub3cc\uccb4 \ucf5c\ub4dc \ube0c\ub8e8""]",kakao map
464459116,김경필차돌삼합마당,서울 강동구 강동대로 245 로얄빌딩 1층 10호 (우)05408,02-482-7678,"5.0
점",3,,"육류,고기","[""\ub0c9\ub3d9\uc0bc\uacb9(1\uc778)"", ""\ucc28\ub3cc\uc0bc\ud569(1\uc778)"", ""\uc0dd\uc0bc\uacb9\uc0b4(1\uc778)""]",kakao map
154122148,쥬스식스 장한평,서울 동대문구 장한로2길 24 (우)02645,,"0
점",0,,생과일전문점,[],kakao map
9068915,백암왕순대,서울 강남구 논현로87길 41 신일유토빌 1층 (우)06235,02-564-3546,"1.9
점",38,,순대,"[""\uc21c\ub300\uad6d"", ""\uc21c\ub300\uad6d \ud2b9"", ""\uc5bc\ud070\uc774"", ""\uc624\uc18c\ub9ac"", ""\uc220\uad6d"", ""\ud1a0\uc885\uc21c\ub300"", ""\ud1a0\uc885\uc21c\ub300 \ud2b9"", ""\uc218\uc721"", ""\uc218\uc721 \ud2b9"", ""\ubaa8\ub4ec""]",kakao map
15790480,전주콩나물국밥 오금점,서울 송파구 오금로35길 14 (우)05661,02-401-5445,"4.1
점",7,매일 06:30 ~ 20:30,국밥,"[""\ucf69\ub098\ubb3c\uad6d\ubc25"", ""\ub3cc\uc1a5\ube44\ube54\ubc25"", ""\ubc84\uc12f\uc721\uacc4\uc7a5"", ""\ubc84\uc12f\ub4e4\uae68\ud0d5"", ""\uc18c\ubd88\uace0\uae30"", ""\ud638\ubc15\ubd80\ucd94\uc804"", ""\ucf69\uae40\uce58\uc804"", ""\ucf69\uad6d\uc218""]",kakao map
1088979110,마라끝판왕,서울 강남구 언주로85길 32 (우)06221,,"0
점",0,,중식,[],kakao map
209228708,설빙 서초남부터미널점,서울 서초구 효령로 264 2층 (우)06716,02-3472-4366,"0
개",0,매일 11:00 ~ 24:00,설빙,"[""\uc778\uc808\ubbf8\uc124\ube59""]",kakao map
198442459,리틀주니어도넛,서울 강남구 압구정로 144 (우)06030,,"4.0
점",2,매일 09:00 ~ 21:00,도넛,"[""\ud074\ub798\uc2dd \ub3c4\ub11b"", ""\ub9ac\ud2c0 \ud551\ud06c \ub3c4\ub11b"", ""\ubca0\uc774\ucee8 \uce74\ub77c\uba5c \uc96c\ub2c8\uc5b4 \ub3c4\ub11b"", ""\ub204\ud154\ub77c \ud06c\ub7f0\uce58 \ub3c4\ub11b"", ""\ub538\uae30 \uce58\uc988 \ucf00\uc774\ud06c \ub3c4\ub11b"", ""\ube14\ub8e8\ubca0\ub9ac \uce58\uc988\ucf00\uc774\ud06c \ub3c4\ub11b"", ""\ucd08\ucf54\ud37c\uc9c0 \ud06c\ub9bc\uce58\uc988\ucf00\uc774\ud06c \ub3c4\ub11b"", ""\uc624\ub808\uc624 \ud06c\ub9bc \ub3c4\ub11b"", ""\ub538\uae30 \ubc14\ubc14 \ub3c4\ub11b"", ""\ucd08\ucf5c\ub81b \ubc14\ubc14 \ub3c4\ub11b"", ""\uc2a4\ub178\uc6b0 \ud654\uc774\ud2b8 \ub3c4\ub11b"", ""\ub9dd\uace0 \uad6c\uc544\ubc14 \ubc14\ub098\ub098 \ud328\uc158\ud504\ub8e8\uce20 \uc5d0\uc774\ub4dc"", ""\ub77c\uc784 \ube14\ub8e8\ud050\ub77c\uc18c \uc5d0\uc774\ub4dc"", ""\ube14\ub799\ubca0\ub9ac \ub77c\uc988\ubca0\ub9ac \ud0a4\uc704 \uc5d0\uc774\ub4dc"", ""\ub9dd\uace0 \ud328\uc158\ud504\ub8e8\uce20 \uc5d0\uc774\ub4dc"", ""\ubc14\ub098\ub098 \uc624\ub80c\uc9c0 \ubcf5\uc22d\uc544 \uc5d0\uc774\ub4dc"", ""\ub538\uae30 \ubbfc\ud2b8 \uc5d0\uc774\ub4dc"", ""\ub538\uae30 \ube14\ub799\ubca0\ub9ac \ub77c\uc988\ubca0\ub9ac \ud0a4\uc704 \uc5d0\uc774\ub4dc"", ""Americano"", ""Latte"", ""Mocha"", ""Lavender Latte"", ""Lotus Biscoff"", ""Creamycano"", ""Creamycano Cinnamon"", ""Creamycano Lavender"", ""Creamycano Irish"", ""Creamycano Hazelnut""]",kakao map
26431943,백억하누 강남본점,"서울 강남구 테헤란로5길 29 1,2층 (우)06129",02-568-8592,"4.5
점",256,매일 11:30 ~ 22:30,"육류,고기","[""\ubc31\uc5b5 \uc804\ubcf5 \uc0bc\ud569 (\uc911) 2~3\uc778"", ""\ubc31\uc5b5 \uc804\ubcf5 \uc0bc\ud569 (\ub300) 3~4\uc778"", ""\ubc31\uc5b5 \uc804\ubcf5 \uc0bc\ud569 (\uc18c) 2\uc778"", ""\ubc31\uc5b5 \ud55c\uc6b0 1++ \ucc28\ub3cc\ubc15\uc774 (120g)"", ""\ubc31\uc5b5 \ud55c\uc6b0 1++ \ucc28\ub3cc\ubc15\uc774 (\ud55c\ud310)"", ""\ubc31\uc5b5 \ud55c\uc6b0 1++ \ucc28\ub3cc\ubc15\uc774 (\ub450\ud310)"", ""\ud669\uc81c \uc138\ud2b8"", ""\ud558\ub204 \uc138\ud2b8"", ""\uc5b5 \uc138\ud2b8"", ""\ubc31 \uc138\ud2b8"", ""1++ \ud55c\uc6b0 \uc0b4\uce58\uc0b4 1\uc778\ubd84 (120g)"", ""1++ \ud55c\uc6b0 \uaf43\ub4f1\uc2ec 1\uc778\ubd84 (120g)"", ""1++ \ud55c\uc6b0 \uc591\ub150\uad6c\uc774 1\uc778\ubd84 (120g)"", ""1++ \ud55c\uc6b0 \uc721\ud68c 200g"", ""\uc11c\uc6b8\uc2dd \ud22c\ubfd4 \ud55c\uc6b0 \ubd88\uace0\uae30"", ""\uc644\ub3c4\uc0b0 \ud65c\uc804\ubcf5 3\ubbf8"", ""\uc644\ub3c4\uc0b0 \ud65c\uc804\ubcf5 6\ubbf8"", ""\uaf43 \uac08\ube44\uc138\ud2b8""]",kakao map
1712074737,바앨리스,서울 강남구 언주로98길 12 (우)06147,,"0
점",0,,술집,[],kakao map
2010129697,롤리폴리 꼬또Hall,서울 강남구 봉은사로51길 23 1층 (우)06103,0507-1464-9017,"3.6
점",8,월~토 11:30 ~ 21:00,양식,"[""\uba85\ub780\ubd80\ucd94 \ud398\ud22c\uce58\ub124"", ""\ud2b8\ub7ec\ud50c \ud06c\ub9bc \ub1e8\ub07c"", ""\ub77c\uc790\ub0d0"", ""\uc0b4\uce58\uc0b4 \ud06c\ub9bc \ud30c\ucf00\ub9ac(\ube44\ud504\uc2a4\ud2b8\ub85c\uac00\ub178\ud504)"", ""\uad00\uc790\ubc14\uc9c8\uc2a4\ud30c\uac8c\ud2f0"", ""\ud3ec\ubaa8\ub3c4\ub85c"", ""\uce58\ud0a8\ud1a0\ub9c8\ud1a0\ub9ac\uc870\ub610"", ""\ud398\ud37c&\ubc00\ud06c \ub9ac\uc870\ub610"", ""\uc0d0\ub7ec\ub4dc\uc52c\ud53c\uc790"", ""\uc0ad\uc288\uce74(\uc5d0\uadf8\uc778\ud5ec)"", ""\ubd80\ub77c\ud0c0\uce58\uc988 \uc0d0\ub7ec\ub4dc"", ""\uc544\uba54\ub9ac\uce74\ub178"", ""\uce74\ud398\ub77c\ub5bc"", ""\ubc14\ub2d0\ub77c\ub77c\ub5bc"", ""\ucf54\ucf54\ub11b\ub77c\ub5bc(only ice)"", ""\ud06c\ub85c\ud50c&\ud558\uac90\ub2e4\uc988"", ""\ud2f0\ub77c\ubbf8\uc218"", ""\uc5d0\uadf8\ud0c0\ub974\ud2b8"", ""\ud558\ub3d9\ub9e4\uc2e4&\ud1a0\ub9c8\ud1a0\uc5d0\uc774\ub4dc"", ""\ubcf5\uc22d\uc544&\uc624\ub80c\uc9c0\uc5d0\uc774\ub4dc""]",kakao map
1277534745,술있는식탁,서울 성동구 왕십리로10길 18 반지층 (우)04778,0507-1355-9591,"3.8
점",10,매일 17:30 ~ 01:00,"호프,요리주점","[""\ub9c8\uc7a5\ub3d9 \uae40\ubd80\uac01\uc721\ud68c"", ""\ud06c\ub9bc\ub5a1\ubcf6\uc774"", ""\ubc14\uc9c0\ub77d\uc220\ucc1c""]",kakao map
1742800026,삼거리포차,서울 강동구 풍성로58길 34 (우)05404,,"0
점",0,,술집,[],kakao map
169794164,화덕닭갈비 양재직영점,서울 서초구 강남대로10길 41 (우)06787,02-575-5959,"4.2
점",17,매일 13:30 ~ 22:30,닭요리,"[""\uace0\ucd94\uc7a5 \ub2ed\uac08\ube44 (1\uc778\ubd84)"", ""\uac04\uc7a5 \ub2ed\uac08\ube44 (1\uc778\ubd84)"", ""\uc18c\uae08 \ub2ed\uac08\ube44 (1\uc778\ubd84)"", ""\ubf08\uc5c6\ub294 \ub2ed\ubc1c (1\uc778\ubd84)"", ""\uc7c1\ubc18\ub9c9\uad6d\uc218""]",kakao map
1141880063,자맛풍2,서울 서초구 남부순환로356길 18-5 3층 (우)06737,,"0
점",0,월~토 17:30 ~ 23:00,한식,[],kakao map
2027235315,자매분식,"서울 강남구 삼성로103길 12 신도브래뉴주상복합 1층 128,132,133호 (우)06155",02-539-8860,"5.0
점",3,,분식,"[""\uc2e0\ub77c\uba74"", ""\ub108\uad6c\ub9ac"", ""\uc6b0\ub3d9"", ""\ub77c\ubcf6\uc774"", ""\uae40\uce58\ucc1c"", ""\uc21c\ub450\ubd80"", ""\uc721\uac1c\uc7a5"", ""\uae40\uce58\ucc0c\uac1c"", ""\ub41c\uc7a5\ucc0c\uac1c"", ""\ube44\ube54\ubc25"", ""\uc81c\uc721\ubcf6\uc74c\ubc25"", ""\uae40\uce58\ubcf6\uc74c\ubc25"", ""\uae40\uce58\ucc38\uce58\ubcf6\uc74c\ubc25"", ""\uacc4\ub780\ubcf6\uc74c\ubc25"", ""\uc57c\ucc44\uae40\ubc25"", ""\uce58\uc988\uae40\ubc25"", ""\uba78\uce58\uae40\ubc25"", ""\uc18c\uace0\uae30\uae40\ubc25"", ""\ucc38\uce58\uae40\ubc25"", ""\ub9cc\ub450\ub77c\uba74""]",kakao map
7900414,본죽 삼전동점,서울 송파구 백제고분로 202 두레빌딩 1층 (우)05581,02-424-6282,"2.3
점",14,매일 09:00 ~ 22:00,본죽,"[""\ub2e8\ud638\ubc15\uc8fd"", ""\ub099\uc9c0\uae40\uce58\uc8fd"", ""\uc0bc\uacc4\uc8fd"", ""\uc804\ubcf5\uc8fd"", ""\uc1e0\uace0\uae30\uc57c\ucc44\uc8fd"", ""\uc2e0\uc9ec\ubf55\uc8fd"", ""\uc0c8\uc6b0\uc8fd"", ""\ub9e4\uc0dd\uc774\uad74\uc8fd"", ""\ub2e8\ud325\uc8fd"", ""\ub179\ub450\uc8fd""]",kakao map
1702987004,대동천,서울 강남구 테헤란로7길 22 과학기술회관 지하2층 201호 (우)06130,02-558-9183,"3.9
점",19,월~금 11:00 ~ 21:00월~금 휴게시간 15:00 ~ 17:00,중국요리,"[""\uc9dc\uc7a5\uba74"", ""\uc9ec\ubf55"", ""\ud0d5\uc218\uc721"", ""\ubcf6\uc74c\ubc25""]",kakao map
59097247,팀스쿡 구의점,서울 광진구 광나루로50길 10 1층 (우)05033,02-447-0880,"4.1
점",18,매일 11:00 ~ 22:00,이탈리안,"[""\ud3ec\ubaa8\ub3c4\ub85c"", ""\uc544\ub9c8\ud2b8\ub9ac\uce58\uc544\ub098"", ""\ud06c\ub85c\uc0b0\ud14c"", ""\ub514\ub9c8\ub808 \ud1a0\ub9c8\ud1a0"", ""\uc2a4\uce84\ud53c""]",kakao map
166206217,거기스시지,서울 서초구 강남대로 27 AT센터 1층 (우)06774,,"0
점",0,,"초밥,롤",[],kakao map
123189534,옛날보리밥칼국수,서울 강동구 성내로5길 29 (우)05392,02-6084-5111,"0
점",0,,한식,[],kakao map
1304208836,선술집원,서울 서초구 강남대로 529 1층 (우)06536,,"0
점",0,,"호프,요리주점",[],kakao map
322770367,접객 선릉본점,서울 강남구 언주로98길 11 1층 (우)06147,,"4.3
점",7,월~토 18:00 ~ 06:00,일본식주점,"[""\ubaa8\ub4e0\ub9c8\ub978\uc548\uc8fc"", ""\uba39\ud0dc"", ""\ud0c0\ucf54\uc640\uc0ac\ube44"", ""\ubaa8\ub4ec\ub9c8\ub978\uc548\uc8fc"", ""\uc544\uadc0\ud3ec"", ""\ubaa8\ub4ec\uac10\uc790\ud280\uae40"", ""\uc774\uae4c\uac8c\uc18c"", ""\ub098\uac00\uc0ac\ud0a4\uc9ec\ubf55"", ""\uce58\ud0a8\uac00\ub77c\uc544\uac8c"", ""\ub9e4\uc6b4\ubd88\uc9ec\ubf55"", ""\ucf00\uc774\uc900\uce58\ud0a8\uc0d0\ub7ec\ub4dc"", ""\uc0d0\ub7ec\ub4dc"", ""\uce58\ud0a8\uc0d0\ub7ec\ub4dc"", ""\uac04\uc0ac\uc774\uc624\ub385\ud0d5"", ""\ubbf8\ub2c8\uc624\uaf2c\ub178\ubbf8\uc57c\ub07c"", ""\ub3fc\uc9c0\uace0\uae30\uc219\uc8fc\ubcf6\uc74c"", ""\uae4c\ub974\ubcf4\ub098\ub77c"", ""\uc0c8\uc6b0\uc624\uc77c\ud30c\uc2a4\ud0c0"", ""\uce74\ub808\ub3c8\uae4c\uc2a4"", ""\uae40\uce58\uc804\uace8"", ""\ubaa8\ub4e0\uace0\ub85c\ucf00"", ""\ubaa8\ub4ec\uace0\ub85c\ucf00"", ""\uace0\ub85c\ucf00"", ""\ub9e4\uc6b4\uad6d\ubb3c\ub5a1\ubcf6\uc774"", ""\ud06c\ub9bc\uc21c\uc0b4\uce58\ud0a8"", ""\uce58\ud0a8"", ""\ub2ed\ub625\uc9d1\ubcf6\uc74c"", ""\uace8\ubc45\uc774\uc18c\uba74"", ""\ubc18\uac74\uc870\uc624\uc9d5\uc5b4"", ""\ubb34\ubf08\ub2ed\ubc1c"", ""\uace0\ub974\uace4\uc878\ub77c\ud53c\uc790"", ""\uc81c\uc721\ubcf6\uc74c""]",kakao map
27401666,빽다방 왕십리역점,서울 성동구 왕십리로 320-1 한일빌딩 103호 (우)04709,02-2291-0060,"2.3
점",11,매일 08:00 ~ 21:30,빽다방,"[""\ub808\ubaac\uc5bc\uadf8\ub808\uc774\ud2f0"", ""\uce74\ud398\ub77c\ub5bc"", ""\uccb4\ub9ac\ucf55\ucf55"", ""\ud1a0\ud53c\ub11b\ub77c\ub5bc"", ""\ub179\ucc28\ub77c\ub5bc"", ""\ud401\ub2f9\uce58\ub178(\ubbf8\uc22b\uac00\ub8e8)"", ""\ud401\ub2f9\uce58\ub178(\uc6d0\uc870\ucee4\ud53c)"", ""\ud401\ub2f9\uce58\ub178(\ubc14\ub2d0\ub77c)"", ""\ubc14\ub098\ub098 \ubc00\ud06c\uc250\uc774\ud06c"", ""\uace0\uad6c\ub9c8\uc2a4\ubb34\ub514"", ""\uae54\ub77c\ub9cc\uc2dc\uc2a4\ubb34\ub514"", ""\ucfe8\ub77c\uc784\uc5d0\uc774\ub4dc"", ""\ubbf8\uc22b\uac00\ub8e8"", ""\ucf5c\ub4dc\ube0c\ub8e8"", ""\uc544\uc774\uc2a4\ud2f0\uc0f7\ucd94\uac00"", ""\uc544\uba54\ub9ac\uce74\ub178"", ""\uc6d0\uc870\ucee4\ud53c"", ""\ub354\ube14\uc5d0\uc2a4\ud504\ub808\uc18c"", ""\ub2ec\ub2ec\uc5f0\uc720\ub77c\ub5bc"", ""\ubc14\ub2d0\ub77c\ub77c\ub5bc"", ""\uccad\ud3ec\ub3c4\uc5d0\uc774\ub4dc""]",kakao map
271081505,셀렉커피랩,서울 강남구 테헤란로39길 50 1층 (우)06138,0507-1403-6334,"92
개",0,매일 00:00 ~ 24:00,카페,"[""1\uc778\uc6a9 \ud325\ube59\uc218 NEW ( \ud560\uc778\uc911)_\uc9c4\uc9dc \ube59\uc218\uac19\uc74c\uc8fc\uc758(\ud325\ube59\uc218)"", ""1\uc778\uc6a9 \uce94\ub9dd\uace0\ube59\uc218 NEW (\ud560\uc778\uc911)_\uc9c4\uc9dc\ube59\uc218\uac19\uc74c\uc8fc\uc758(\ub9dd\uace0\ube59\uc218)"", ""\uc140\ub809\ud1a0\uc2a4\ud2b8 NEW + (\uc140\ub809\ud06c\ub9bc)"", ""\uc140\ub809\ucee4\ud53c (\ub354\uce58\ucee4\ud53c\uc5d0 \ud06c\ub9bc\uc774~)"", ""\uc140\ub809\ub77c\ub5bc (\ub354\uce58\ucee4\ud53c\uc5d0 \ud06c\ub9bc\uc774~)"", ""\uc140\ub809 \ubc14\ub2d0\ub77c\ub77c\ub5bc _ \uc544\ubc14\ub77c \ub7ec\ubc84\ub4e4\uc740 \ud658\uc7a5\ud560 \ub9db"", ""\uc624\ud53c\uc2a4\ub77c\ub5bc _ (\uc61b\ub0a0\ucee4\ud53c \ub290\ub08c\uc758 \ub2ec\ub2ec\ud568)"", ""\uc62c\ub54c \uba54\ub85c\ub098 \ub77c\ub5bc [\uac15\ucd94]"", ""\ud37c\ud50c \ud50c\ub77c\uc6cc \uc5d0\uc774\ub4dc [\uc644\uc804\uac15\ucd94]_ \uc5d0\uc774\ub4dc\ucd5c\uac15"", ""\ud37c\ud50c\uc790\ubabd\uc5d0\uc774\ub4dc NEW _ (\ub2ec\ucf64\uc0c8\ucf64\uadf8\uc790\uccb4)"", ""\uccb4\ub9ac\ube14\ub7ec\ub4dc\uc5d0\uc774\ub4dc _ [\uc9c4\ud55c\uccb4\ub9ac\ub9db]"", ""\ud53c\uce58\ucf54\ub784 \ud50c\ub77c\uc6cc\ud2f0 [\uc8fc\ubb38\ud3ed\uc8fc++]_ \uc78a\uc9c0\ubabb\ud560 \ub9db"", ""\ub9dd\uace0\ud0f1\uace0 \ud50c\ub77c\uc6cc\ud2f0 [\uc778\uae30\uba54\ub274] _\uc0c9\ub2e4\ub978\ub2ec\ub2ec\ud55c \uc544\uc774\uc2a4\ud2f0"", ""\ubbfc\ud2b8\uc560\ud50c \ud50c\ub77c\uc6cc\ud2f0__\uc0c8\ucf64\ub2ec\ucf64\uc544\uc774\uc2a4\ud2f0""]",kakao map
448435674,익선동121 NC송파점,서울 송파구 충민로 66 NC백화점 패션관 7층 (우)05838,02-2157-5721,"2.7
점",3,매일 10:00 ~ 22:00,한식,"[""\uc775\uc120 121 \ub3c8\uae4c\uc2a4"", ""\uc81c\uc721 \ubd80\ucd94\ub41c\uc7a5\ube44\ube54\ubc25"", ""\uc591\uc9c0 \ubd80\ucd94\ub41c\uc7a5\ube44\ube54\ubc25"", ""\ubc14\uc0ad\ud55c \uce58\ud0a8 \ucee4\ub9ac"", ""\ud1a0\ub9c8\ud1a0 \uc18c\uace0\uae30 \ucee4\ub9ac""]",kakao map
1062022781,고베카츠&카레,서울 광진구 능동로13길 69 2층 (우)05015,,"0
점",0,매일 10:00 ~ 23:00,"돈까스,우동",[],kakao map
1343530560,서울만두 현대천호점,서울 강동구 천호대로 1005 지하 2층 (우)05328,02-2225-8601,"3.0
점",2,,분식,[],kakao map
823873352,스시우즈,서울 송파구 양재대로71길 1-14 1층 (우)05639,,"0
점",0,매일 11:20 ~ 21:50,"초밥,롤","[""\ubaa8\ub460\uc0ac\uc2dc\ubbf8(\uc911)"", ""\ud6c4\ud1a0\ub9c8\ub07c 4\uac1c"", ""\ub9c8\uad6c\ub85c\ub9c8\ub07c 8\uac1c"", ""\uac00\ub77c\uc544\uac8c 6\uac1c"", ""\uc57c\ub07c\uad50\uc790 4\uac1c"", ""\ubaa8\ub2e8\uc57c\ub07c"", ""\uc2a4\ud0a4\uc57c\ud0a4"", ""\uc2a4\ud0a4\uc57c\ud0a4\uc6b0\ub3d9"", ""\uc548\ud0a4\ubaa8"", ""\ub3c8\ubd80\ub9ac""]",kakao map
16441819,자매식당,서울 강동구 진황도로 174 1층 (우)05364,02-485-7883,"4.7
점",15,일요일,한식,"[""\uc624\uc9d5\uc5b4\ubcf6\uc74c (2\uc778\uc774\uc0c1)"", ""\ubd80\ub300\ucc0c\uac1c (2\uc778\uc774\uc0c1)"", ""\uc0dd\uc120\uad6c\uc774"", ""\uc81c\uc721\ubcf6\uc74c"", ""\uae40\uce58\ucc0c\uac1c"", ""\uc624\uc81c\ubcf6\uc74c (2\uc778\uc774\uc0c1)"", ""\ub41c\uc7a5\ucc0c\uac1c"", ""\uccad\uad6d\uc7a5"", ""\ubc31\ubc18"", ""\uc0dd\ub4f1\uc2ec(200g)"", ""\uc0bc\uacb9\uc0b4(200g)"", ""\ucc28\ub3cc\ubc15\uc774(200g)"", ""\ud1a0\uc885\ub2ed"", ""\ub2ed\ubcf6\uc74c\ud0d5""]",kakao map
1396867918,우뚝소곱창 강남구청역점,서울 강남구 선릉로131길 21 지하2층 2호 (우)06060,,"5.0
점",5,월~금 16:00 ~ 01:30,"곱창,막창","[""\uc6b0\ub69d\ud55c\ud310 (\uc911)"", ""\ud55c\uc6b0\uc18c\uc54c\uacf1\ucc3d\uad6c\uc774"", ""\uc18c\ub300\ucc3d\uad6c\uc774"", ""\uc18c\ub9c9\ucc3d\uad6c\uc774"", ""\uc5fc\ud1b5 \uc2a4\ud14c\uc774\ud06c""]",kakao map
1865345909,방글케이크,서울 성동구 성덕정15길 5-1 1층 (우)04775,,"0
점",0,,"제과,베이커리",[],kakao map
847594429,카츠오도 양재점,서울 서초구 강남대로6길 44-1 (우)06788,,"5.0
점",9,월~토 11:00 ~ 20:00,일식,"[""\ud788\ub808\uce74\uce20"", ""\ub85c\uc2a4\uce74\uce20"", ""\uc0c1\ub85c\uc2a4\uce74\uce20""]",kakao map
1540607938,세인양꼬치,서울 송파구 백제고분로33길 34 (우)05611,02-415-5792,"4.6
점",7,매일 12:00 ~ 24:00,양꼬치,"[""\uc591\uaf2c\uce58 (1\uc778\ubd84)"", ""\uce74\ub808\uc591\uaf2c\uce58 (1\uc778\ubd84)"", ""\ud574\uc158\uac00\uc9c0 (\uc18c)"", ""\uac1c\uad6c\ub9ac\ub2e4\ub9ac"", ""\ub9c8\ub77c\ubcf6\uc74c\ubc25""]",kakao map
1147310475,열혈분식,서울 성동구 무학로6길 36 1층 (우)04708,02-2294-1012,"5.0
점",2,매일 10:30 ~ 21:00,분식,[],kakao map
1208902654,재수돈감자탕 왕십리점,서울 성동구 왕십리로21길 13 1층 (우)04715,02-2297-4652,"4.4
점",28,화~일 10:00 ~ 22:00화~일 휴게시간 15:20 ~ 16:30,감자탕,"[""\uac10\uc790\ud0d5(\uc18c)"", ""\ucf54\ub2e4\ub9ac\ucc1c(\uc18c)"", ""\ubf08\ucc1c(\uc18c)"", ""\ubf08\ud574\uc7a5\uad6d"", ""\ud2b9\ubf08\ud574\uc7a5\uad6d""]",kakao map
2078163250,왕삼겹촌돼지,서울 성동구 아차산로11길 3 1층 101호 (우)04797,02-499-0045,"5.0
점",1,매일 11:00 ~ 22:00,"육류,고기","[""\uc219\uc131\uc624\uacb9\uc0b4(180g)"", ""\ub3fc\uc9c0\ubaa8\ub4ec\uad6c\uc774(450g)"", ""\uc219\uc131\uc0bc\uacb9\uc0b4(180g)"", ""\uc219\uc131\ubaa9\uc0b4(180g)"", ""\uaf43\ud56d\uc815\uc0b4(160g)"", ""\uc81c\uc8fc\ucc9c\uacb9\uc0b4(160g)"", ""\uc81c\uc8fc\ub35c\ubbf8\uc0b4(\uaf2c\ub4e4\uc0b4)(160g)"", ""\uc81c\uc8fc\ub3c8\ucc28\ub3cc(160g)"", ""\ud55c\uc6b0\uc0b4\uce58\uc0b41++(140g)"", ""\ud55c\uc6b0\uaf43\ub4f1\uc2ec1++(140g)"", ""\uc0dd\uace0\uae30\uae40\uce58\ucc0c\uac1c"", ""\ucca0\ud310\ub450\ub8e8\uce58\uae30(2\uc778\uc774\uc0c1)"", ""\uc0dd\uace0\uae30\ubb35\uc740\uc9c0\ucc1c(2\uc778\uc774\uc0c1)"", ""\uace0\ub4f1\uc5b4\ubb35\uc740\uc9c0\ucc1c(2\uc778\uc774\uc0c1)"", ""\uacc4\ub780\ub9d0\uc774"", ""\uacc4\ub780\ucc1c"", ""\ub204\ub8fd\uc9c0\ud0d5"", ""\uce58\uc988\ubcf6\uc74c\ubc25(\ubaa8\uc9dc\ub810\ub77c)"", ""\ubcf6\uc74c\ubc25"", ""\ub41c\uc7a5\ucc0c\uac1c""]",kakao map
2034160834,매머드익스프레스 경찰병원점,서울 송파구 송파대로28길 43 1층 (우)05717,,"5.0
점",4,월~금 07:30 ~ 22:00,매머드익스프레스,"[""\ub9e4\uba38\ub4dc \uc5d0\uc774\ub4dc"", ""\uccad\ud3ec\ub3c4 \uc5d0\uc774\ub4dc"", ""\uc544\uba54\ub9ac\uce74\ub178"", ""\uafc0\ucee4\ud53c"", ""\ud5e4\uc774\uc990\ub11b \ucee4\ud53c"", ""\uce74\ud398\ub77c\ub5bc"", ""\uafc0\ub77c\ub5bc"", ""\ud5e4\uc774\uc990\ub11b \ub77c\ub5bc"", ""\ubc14\ub2d0\ub77c \ub77c\ub5bc"", ""\uc544\ubaac\ub4dc \ub77c\ub5bc"", ""\ubc14\ub098\ub098 \ub2ec\ub2ec \ucee4\ud53c"", ""\ubca0\ud2b8\ub0a8 \uc5f0\uc720 \ucee4\ud53c"", ""\uce74\ud398 \ubaa8\uce74"", ""\uadf8\ub9b0\ud2f0 \uc0f7 \ub77c\ub5bc"", ""\ucf5c\ub4dc\ube0c\ub8e8"", ""\uadf8\ub9b0\ud2f0 \ub77c\ub5bc"", ""\ud1a0\ud53c\ub11b \ub77c\ub5bc"", ""\ub538\uae30 \ubc00\ud06c\uc250\uc774\ud06c"", ""\ucd08\ucf54 \ubc00\ud06c\uc250\uc774\ud06c"", ""\ubc00\ud06c \ud06c\ub808\uc774\ud504""]",kakao map
1213245207,더존푸드,경기 성남시 수정구 위례광장로 21-12 (우)13647,,"0
점",0,,분식,[],kakao map
902456640,디저트로이,"서울 강남구 압구정로42길 30 1층 101, 102호 (우)06017",0507-1428-8620,"142
개",0,월~토 08:00 ~ 22:00,디저트카페,"[""\uc544\uba54\ub9ac\uce74\ub178"", ""\ubca8\uae30\uc5d0 \uc640\ud50c""]",kakao map
404047130,대동삼계탕,서울 동대문구 전농로 12 (우)02621,,"0
점",0,,한식,[],kakao map
10904419,투다리 마천2점,서울 송파구 마천로 235 1층 (우)05733,02-404-0180,"0
점",0,,투다리,"[""\uc5bc\ud070\ud574\ubb3c\uc6b0\ub3d9"", ""\ud1b5\ub9c8\ub298\ubaa8\ub798\uc9d1\ubcf6\uc74c"", ""\uc54c\ud0d5"", ""\uae40\uce58\uc6b0\ub3d9"", ""\ud22c\ub2e4\ub9ac \ubaa8\ub460 \uc624\ub385\ud0d5"", ""\uc5fc\ud1b5\uaf2c\uce58"", ""\ubaa8\ub798\uc9d1\uaf2c\uce58"", ""\ub2ed\uc0b0\uc801\uaf2c\uce58"", ""\ub9e4\uc6b4\ub2ed\uc0b4\uaf2c\uce58"", ""\uc740\ud589\uaf2c\uce58"", ""\uc18c\uc2dc\uc9c0\ubca0\uc774\ucee8\ub9d0\uc774"", ""\uc0ac\ucc9c\ubcf6\uc74c\ubc25"", ""\ub9e4\uc6b4\ub2ed\ubc1c \uaf2c\uce58"", ""\ud33d\uc774\ubc84\uc12f\ub9d0\uc774"", ""\ub2ed\uaecd\uc9c8 \uaf2c\uce58"", ""\ub9e4\uc6b4 \ub2ed\uaecd\uc9c8 \uaf2c\uce58"", ""\ubc8c\uc9d1\uaecd\ub370\uae30\ubcf6\uc74c"", ""\ud55c\uce58"", ""\uba39\ud0dc"", ""\ubc18\uac74\uc624\uc9d5\uc5b4""]",kakao map
1923543815,훌라도그앤크로플,서울 강동구 풍성로 130 1층 118호 (우)05393,070-4046-0894,"4.0
점",1,"월,수,목,금,토,일 11:00 ~ 00:10",패스트푸드,[],kakao map
1040959632,오늘맥주한잔,서울 강남구 학동로2길 56 (우)06114,,"3.0
점",23,"금,토 16:00 ~ 06:00","호프,요리주점","[""\uc5bc\uc74c\uc0dd\ub9e5\uc8fc"", ""\uc9c4\ud558\uc774\ubcfc"", ""\uc2a4\ub178\uc6b0\uce58\uc988\ubcfc&\ud504\ub80c\uce58\ud504\ub77c\uc774"", ""\ud1b5\uc0c8\uc6b0 \ud574\ubb3c\ub77c\uba74"", ""\ubc84\ud130\uad6c\uc774 \uc9c4\ubbf8 \uc624\uc9d5\uc5b4"", ""\ub9e4\ucf64 \uc9dc\ud30c\uad6c\ub9ac"", ""\ub098\ucd78 \ud398\ud37c\ub85c\ub2c8 \ud53c\uc790"", ""\ubc14\ub098\ub098 \ube0c\ub944\ub808"", ""\uc7cc\uc2a8\ube4c\uc18c\uc2dc\uc9c0"", ""\uc950\ud3ec\ud280\uac01"", ""\uba58\ubcf4\uc0e4"", ""\ubc14\uc0ad\ubb38\uc5b4\ud280\uae40"", ""\ucf54\ucf54\ub11b\uc26c\ub9bc\ud504"", ""\ud06c\ub9bc\uce58\uc988\ub5a1\ubcf6\uc774"", ""\ub9e4\ucf64\uc9dc\ube60\uad6c\ub9ac"", ""\ud050\ube0c\uce58\uc988 \ud50c\ub808\uc774\ud2b8"", ""\uac74\uc5b4\ubb3c \ud50c\ub798\ud130"", ""\ubc84\ud314\ub85c\uc719"", ""\uc090\uce74\uce04\uc6b0 \ub3c8\uae4c\uc2a4"", ""\uc624\ub9e5\ud50c\ub798\ud130"", ""\ud574\ubb3c\ud06c\ub9bc\ubf55""]",kakao map
50850878,고기두목 신사본점,서울 서초구 신반포로47길 87 B동 102호 (우)06526,02-512-3692,"4.7
점",7,월~토 16:30 ~ 23:00,"육류,고기","[""\ubaa9\uc0b4(160g)"", ""\uc0bc\uacb9\uc0b4(160g)"", ""\uac00\ube0c\ub9ac\uc0b4(140g)"", ""\ud56d\uc815\uc0b4(140g)"", ""\uaecd\ub370\uae30(200g)""]",kakao map
14865460,시루향기 서울한남점,서울 용산구 대사관로24길 12 (우)04402,02-792-6560,"3.3
점",12,매일 00:00 ~ 24:00,국밥,"[""\ucf69\ub098\ubb3c\uad6d\ubc25"", ""\ube44\ube54\ubc25"", ""\ub3c4\ud1a0\ub9ac\ubb35\ubc25"", ""\uc0b6\uc740\uc624\uc9d5\uc5b4"", ""\ud55c\ub9dd\ubbf8\ub2c8\uc871\ubc1c(\uc18c)""]",kakao map
1096655342,문제적커피,서울 강남구 논현로115길 71 스페이스모노빌딩 3층 (우)06118,070-4070-0285,"5.0
점",1,,커피전문점,"[""\uc544\uba54\ub9ac\uce74\ub178"", ""\uc720\uc790\ucc28"", ""\uce90\ubaa8\ub9c8\uc77c"", ""\uce74\ud398\ub77c\ub5bc"", ""\uc790\uc0c9\uace0\uad6c\ub9c8\ub77c\ub5bc"", ""\ub538\uae30\ub77c\ub5bc(only iced)"", ""\uc790\ubabd\uc5d0\uc774\ub4dc"", ""\ubc14\ub2d0\ub77c\ub77c\ub5bc"", ""\ub354\uce58\ub77c\ub5bc""]",kakao map
2006988232,청년피자 서초직영점,서울 서초구 사임당로 80 (우)06641,02-525-9109,"4.5
점",4,매일 11:00 ~ 23:00,패스트푸드,[],kakao map
471604479,중화카츠,서울 강남구 강남대로62길 12 월산빌딩 1층 (우)06253,,"3.9
점",43,,중식,[],kakao map
1287173040,컵,서울 송파구 마천로 196 1층 (우)05738,0507-0177-9699,"5.0
점",2,월~토 09:30 ~ 19:00,카페,[],kakao map
282055425,한남닭발,서울 용산구 대사관로30길 12 1층 (우)04402,02-790-0210,"4.4
점",5,,닭요리,"[""\uad6d\ubb3c\ub2ed\ubc1c"", ""\ubb34\ubf08\ub2ed\ubc1c"", ""\uc624\ub3cc\ubf08"", ""\uc624\ub385\ud0d5"", ""\ud6c4\ub77c\uc774\ub4dc \uce58\ud0a8""]",kakao map
967805270,엘벧엘,서울 강동구 양재대로134길 39 (우)05294,0507-2083-1327,"0
점",0,"화,목,금 07:00 ~ 20:00",카페,"[""\uc5d0\uc2a4\ud504\ub808\uc18c"", ""\uc544\uba54\ub9ac\uce74\ub178"", ""\uce74\ud398\ub77c\ub5bc"", ""\uc5f0\uc720\ub77c\ub5bc"", ""\ubc14\ub2d0\ub77c\ub77c\ub5bc"", ""\ud50c\ub808\uc778\uc694\uac70\ud2b8"", ""\ube14\ub8e8\ubca0\ub9ac/\ub538\uae30\uc694\uac70\ud2b8"", ""\uccad\ud3ec\ub3c4\uc5d0\uc774\ub4dc"", ""\ubcf5\uc22d\uc544\uc5d0\uc774\ub4dc"", ""\uccb4\ub9ac\uc5d0\uc774\ub4dc"", ""\uc790\ubabd\uc5d0\uc774\ub4dc"", ""\ub808\ubaac\uc5d0\uc774\ub4dc"", ""\ube44\ud0c0\ubbfc\uc5d0\uc774\ub4dc"", ""\ucf5c\ub77c\uac90\uc5d0\uc774\ub4dc""]",kakao map
20645004,쇼헤이,서울 강남구 봉은사로59길 12 (우)06097,02-544-4030,"4
개",0,매일 17:00 ~ 03:00,일본식주점,[],kakao map
705047942,스시이안 위례점,경기 성남시 수정구 위례광장로 322 (우)13640,,"2.9
점",16,매일 11:30 ~ 22:00매일 휴게시간 15:00 ~ 17:00,"초밥,롤","[""\uc5f0\uc5b4\ucd08\ubc25"", ""\uad11\uc5b4\ucd08\ubc25"", ""\uc591\ub150\uc0c8\uc6b0\ucd08\ubc25"", ""\uac04\uc7a5\uc0c8\uc6b0\ucd08\ubc25"", ""\uc721\ud68c\ucd08\ubc25"", ""\uad6c\uc6b4\uc0c8\uc6b0\ucd08\ubc25"", ""\uc720\ubd80\ucd08\ubc25"", ""\uacc4\ub780\ucd08\ubc25"", ""\ucc38\uce58\ub4f1\uc0b4\ucd08\ubc25"", ""\ucd08\uc0c8\uc6b0\ucd08\ubc25"", ""\ud0c0\ucf54\uc640\uc0ac\ube44\ucd08\ubc25"", ""\ubaa8\ub4ec\ucd08\ubc25"", ""\ubaa8\ub460\ucd08\ubc25"", ""\uc774\uc548\uc2a4\ud398\uc15c\ucd08\ubc25"", ""\uacc4\ub780\uc0c8\uc6b0\ucd08\ubc25"", ""\uc0c8\uc6b0\ud280\uae40\uc6b0\ub3d9"", ""\ub0c9\ubaa8\ubc00""]",kakao map
1734956714,카페드나탈리 역삼점,"서울 강남구 테헤란로20길 16 금정빌딩 1,2층 (우)06235",02-2051-5788,"4.0
점",9,월~금 09:00 ~ 18:00,카페,"[""\uc544\uba54\ub9ac\uce74\ub178"", ""\uce74\ud398 \ub77c\ub5bc"", ""\uc544\uc778\uc288\ud398\ub108"", ""\uc0dd \uc790\ubabd"", ""\ub8e8\uc774\ubcf4\uc2a4 \ubc00\ud06c\ud2f0""]",kakao map
21535716,감촌순두부 고메이 494,서울 강남구 압구정로 343 (우)06008,02-6905-3575,"3.8
점",6,,두부전문점,"[""\uc21c\ub450\ubd80\ucc0c\uac1c"", ""\uad74\uc21c\ub450\ubd80"", ""\ucc28\ub3cc\uc21c\ub450\ubd80"", ""\ubc84\uc12f\uae40\uce58\ucc0c\uac1c"", ""\uc548\uc8fc\uc21c\ub450\ubd80""]",kakao map
1769695958,이즈커피,서울 광진구 뚝섬로64길 24 1층 (우)05113,,"5.0
점",5,월~금 08:00 ~ 19:00,커피전문점,"[""\uc5d0\uc2a4\ud504\ub808\uc18c"", ""\uc544\uba54\ub9ac\uce74\ub178"", ""\uce74\ud478\uce58\ub178"", ""\uce74\ud398\ub77c\ub5bc"", ""\ubc14\ub2d0\ub77c\ub77c\ub5bc"", ""\uce74\ud398\ubaa8\uce74"", ""\ubc14\ub2d0\ub77c\ube48\ub77c\ub5bc"", ""\uc5f0\uc720\ub77c\ub5bc"", ""\ubc00\ud06c\ud2f0\ub77c\ub5bc"", ""\ucd08\ucf54\ub77c\ub5bc"", ""\ud1a0\ud53c\ub11b\ub77c\ub5bc"", ""\uadf8\ub9b0\ud2f0\ub77c\ub5bc"", ""\ub179\ucc28"", ""\ud398\ud37c\ubbfc\ud2b8"", ""\uce90\ubaa8\ub9c8\uc77c"", ""\uc720\uc790\ucc28"", ""\ub808\ubaac\ucc28"", ""\uc790\ubabd\ucc28"", ""\ub808\ubaa8\ub124\uc774\ub4dc"", ""\uc790\ubabd\uc5d0\uc774\ub4dc"", ""\uccad\ud3ec\ub3c4\uc5d0\uc774\ub4dc"", ""\ub2ec\uace0\ub098\ub77c\ub5bc"", ""\uc544\uc774\uc2a4\ud2f0""]",kakao map
197218986,파리바게뜨 강남서초점,서울 서초구 강남대로 331 광일빌딩 1층 101호 (우)06627,02-525-5535,"2.4
점",21,매일 06:00 ~ 23:00,파리바게뜨,"[""\ubd80\ub4dc\ub7ec\uc6b4 \uc815\ud1b5\uc6b0\uc720\uc2dd\ube75"", ""\ubc14\uc0ad\ud558\uac8c \uadf8\ub300\ub85c \ud1a0\uc2a4\ud2b8"", ""\ud638\ubc00\ud638\ub450 \ud50c\ub7ec\uc2a4 \uc2dd\ube75"", ""\ub2ec\ucf64\ud5a5\uae0b\ud55c \uc2dc\ub098\ubaac\uc2dd\ube75"", ""\uadc0\ub9ac\uac00\ub4dd \ud640\uadf8\ub808\uc778 \uc624\ud2b8\uc2dd\ube75"", ""\uac08\ub9ad\ubc84\ud130\ubc14\uac8c\ub728"", ""\ucd94\uc5b5\uc758\uc559\uaf2c\ube75"", ""\ucf64\ube44\ub124\uc774\uc158\ud53c\uc790 \ubc14\uac8c\ub728"", ""\uc0ac\uac01\uc0ac\uac01 \uc560\ud50c\ud30c\uc774"", ""\uc0c1\ud07c\uccad\uc0ac\uacfc \ub9d8\ubaa8\uc2a4"", ""\uc0ac\ub974\ub974 \uc5f0\uc720\uc218\ud50c\ub808"", ""\ud638\ub450\uc544\ubaac\ub4dc \ud06c\ub9bc\uce58\uc988\ube75"", ""\uc778\uc808\ubbf8 \uc0dd\ud06c\ub9bc \ub274\uc695\ub864"", ""\ubbf8\ub2c8 \uc18c\uc2dc\uc9c0 \ud398\uc2a4\uce04\ub9ac"", ""\uc6b0\uc720 \ub4ec\ubfcd \uc5f0\uc720\ube0c\ub808\ub4dc"", ""\uba85\ud488 \uace0\uae30\uc7a1\ucc44\uace0\ub85c\ucf00"", ""\ubd80\ub4dc\ub7ec\uc6b4 \uc2dc\uace8 \uce58\uc988\ube75"", ""\ub9e4\ucf64 \uc81c\uc721\uace0\ub85c\ucf00"", ""\uac74\uac15\uac00\ub4dd\ud1b5\ubc00\ube0c\ub808\ub4dc"", ""\uc6b0\ub9ac\ubc00\uc744 \ub354\ud55c \ub2e8\ud325\ube75 \ud50c\ub7ec\uc2a4""]",kakao map
670711851,키,서울 성동구 연무장길 41-9 1층 (우)04782,02-497-3939,"4.7
점",23,수~토 18:00 ~ 24:00,칵테일바,"[""\ud669\ud0dc\uad6c\uc774\uc640 \ub9c8\uc694\uc18c\uc2a4"", ""\ub0a8\uc720\ub7fd\uc2dd \ud1a0\ub9c8\ud1a0\uc0d0\ub7ec\ub4dc"", ""\ud0a4ki style \uacc4\ub780\ud6c4\ub77c\uc774\uc640 \ud1a0\uc2a4\ud2b8\ube75"", ""\ubc84\ud314\ub85c \ubaa8\uc9dc\ub810\ub77c\uce58\uc988"", ""\ubd80\ub77c\ud0c0\uce58\uc988\uc640 \ud1a0\ub9c8\ud1a0\uc0d0\ub7ec\ub4dc"", ""\ub9e4\ucf64\ub2ec\ucf64\ud55c \ud3b8\uc721\ubb34\uce68"", ""\ub0a8\uc720\ub7fd\uc2dd \ubb38\uc5b4\uc0d0\ub7ec\ub4dc"", ""\uc624\ub385\ud0d5"", ""\ucf5c\ub4dc\ucef7 \ubaa8\ub4ec""]",kakao map
25068739,심가네식당,서울 성동구 독서당로46길 35 (우)04737,02-2299-7936,"5.0
점",1,,한식,"[""\ud5db\uac1c \uc624\ub9ac \ubc31\uc219"", ""\ud5db\uac1c \ub2ed \ubc31\uc219"", ""\uc63b \uc624\ub9ac \ubc31\uc219"", ""\uc63b \ub2ed \ubc31\uc219"", ""\ub2ed\ubcf6\uc74c\ud0d5"", ""\uc0bc\uacc4\ud0d5"", ""\uc624\ub9ac\ub85c\uc2a4 (1\ub9c8\ub9ac)"", ""\uc0dd\uc0bc\uacb9\uc0b4 (1\uc778)"", ""\uc81c\uc721\ubcf6\uc74c"", ""\uae40\uce58\ucc0c\uac1c"", ""\uc5b4\ubb35\ud0d5"", ""\uc624\uc9d5\uc5b4\uc21c\ub300"", ""\uc624\uc9d5\uc5b4+\ub545\ucf69"", ""\uba39\ud0dc+\ub545\ucf69"", ""\ub41c\uc7a5\ucc0c\uac1c (\uc810\uc2ec\ud2b9\uc120)"", ""\uae40\uce58\ucc0c\uac1c (\uc810\uc2ec\ud2b9\uc120)"", ""\uccad\uad6d\uc7a5 (\uc810\uc2ec\ud2b9\uc120)"", ""\ucf69\uad6d\uc218 (\uc5ec\ub984\ud55c\uc815\uba54\ub274)"", ""\uc794\uce58\uad6d\uc218 (\uc5ec\ub984\ud55c\uc815\uba54\ub274)"", ""\uc5f4\ubb34\uad6d\uc218 (\uc5ec\ub984\ud55c\uc815\uba54\ub274)"", ""\uae40\uce58\ub9d0\uc774\uad6d\uc218 (\uc5ec\ub984\ud55c\uc815\uba54\ub274)""]",kakao map
27266634,후렌드치킨호프,서울 중구 다산로28길 16 1층 (우)04589,02-2233-2592,"4.3
점",6,매일 17:00 ~ 24:00,치킨,"[""\ud6c4\ub77c\uc774\ub4dc \uce58\ud0a8 \ud55c\ub9c8\ub9ac"", ""\uc591\ub150\uce58\ud0a8 \ud55c\ub9c8\ub9ac"", ""\uba54\ubc00\uc804\ubcd1"", ""\ud669\ub3c4"", ""\uba39\ud0dc""]",kakao map
195848094,디깅,서울 강남구 테헤란로10길 14 (우)06234,02-562-1014,"4.2
점",6,,술집,"[""\uce58\uc988"", ""\uacfc\uc77c"", ""\uc721\ud3ec"", ""\ud55c\uce58 \ubc84\ud130\uad6c\uc774"", ""\ubaa8\ub4ec \uc18c\uc138\uc9c0""]",kakao map
561560327,호미호식 현대백화점무역센터점,서울 강남구 삼성동 159-7 지하 1층,02-3467-6665,"2.3
점",3,매일 10:30 ~ 20:00,일식,"[""\ub4f1\uc2ec\ube14\ub799\uce74\uce20"", ""\uc548\uc2ec\ube14\ub799\uce74\uce20"", ""\uce58\uc988\ube14\ub799\uce74\uce20"", ""\ub4f1\uc2ec\ube14\ub799\uce74\uce20 \uce74\ub808"", ""\uc548\uc2ec\ube14\ub799\uce74\uce20 \uce74\ub808"", ""\uce58\uc988\ube14\ub799\uce74\uce20 \uce74\ub808"", ""\ube14\ub799 \ud2b8\ub7ec\ud50c \ud55c\uc6b0\uce74\uce20 \ub36e\ubc25"", ""\ud638\ubbf8\ud638\uc2dd \uce74\ub808"", ""\ube14\ub799 \ud2b8\ub7ec\ud50c \ud55c\uc6b0\uce74\uce20 \uce74\ub808"", ""\ube14\ub799 \ud2b8\ub7ec\ud50c \ud55c\uc6b0\uce74\uce20""]",kakao map
467025975,오블리비언,서울 성동구 왕십리로21길 39-1 1층 왼쪽 (우)04714,010-8963-7578,"5.0
점",2,월~토 18:00 ~ 24:00,와인바,"[""\uc2a4\ubab0\ub514\uc26c"", ""\ub0b4\ucd94\ub7f4\uc640\uc778""]",kakao map
2013091014,대박식당,서울 강남구 영동대로96길 37 2층 (우)06172,02-508-8708,"5.0
점",5,,한식,"[""\ubaa9\uc0b4\uae40\uce58\ucc0c\uac1c"", ""\ud574\ubb3c\uc21c\ub450\ubd80\ucc0c\uac1c"", ""\uae40\uce58\ucc0c\uac1c"", ""\uc21c\ub450\ubd80\ucc0c\uac1c"", ""\uc0dd\uc0bc\uacb9\uc0b4"", ""\ub9e4\ucf64\ub2ed\ubcf6\uc74c\ud0d5"", ""\ube44\ube54\uad6d\uc218"", ""\uc81c\uc721\uc308\ubc25"", ""\ub2ed\uac08\ube44"", ""\uae40\uce58\ub9d0\uc774\uad6d\uc218"", ""\uce58\uc988\ubd88\ub2ed""]",kakao map
16959712,베스트철판볶음밥,서울 광진구 광나루로56길 85 테크노마트 지하1층 A002호 (우)05116,02-3424-1103,"5.0
점",3,,철판요리,"[""\ub099\uc9c0\ucca0\ud310"", ""\uacf1\ucc3d\ucca0\ud310\ubcf6\uc74c""]",kakao map
1027030650,라프웨더,서울 강동구 양재대로 1548 1층 (우)05302,02-489-2039,"3.4
점",5,매일 10:00 ~ 23:00,커피전문점,"[""\uc5d0\uc2a4\ud504\ub808\uc18c"", ""\uc5bc\uadf8\ub808\uc774 \ubc14\ub2d0\ub77c\ube48 \ub77c\ub5bc"", ""\uc544\uba54\ub9ac\uce74\ub178"", ""\uce74\ud398\ub77c\ub5bc"", ""\uce74\ud478\uce58\ub178"", ""\ubc14\ub2d0\ub77c\ub77c\ub5bc"", ""\uce74\ud398\ubaa8\uce74"", ""\uce74\ub77c\uba5c\ub9c8\ub07c\uc544\ub610"", ""\ub179\ucc28\ub77c\ub5bc"", ""\uc1fc\ucf5c\ub77c\uc1fc"", ""\uc544\ud3ec\uce74\ud1a0"", ""\ubaa8\uce74\ud504\ub77c\ud398"", ""\uc544\uc774\uc2a4\ud2f0(\ubcf5\uc22d\uc544/\ub808\ubaac)"", ""\ud64d\ucc28"", ""\ud398\ud37c\ubbfc\ud2b8 \ud5c8\ube0c\ud2f0"", ""\uce90\ubaa8\ub9c8\uc77c \ud5c8\ube0c\ud2f0"", ""\ub85c\uc584 \ubc00\ud06c\ud2f0"", ""\uc790\ubabd\uc5bc\uadf8\ub808\uc774"", ""\ub808\ubaac\ud2f0"", ""\ub808\ubaac\uc5d0\uc774\ub4dc""]",kakao map
15442929,종점식당,서울 성동구 마장로44길 1 (우)04757,02-2292-6918,"0
점",0,,"찌개,전골",[],kakao map
10219998,궁중예당떡방,서울 송파구 양재대로 1222 (우)05648,02-402-4535,"0
점",0,,"떡,한과",[],kakao map
21420803,다도식당,서울 성동구 아차산로 87 (우)04793,02-468-3309,"0
점",0,,한식,[],kakao map
635229245,써브웨이 아차산역점,서울 광진구 천호대로 666 1층 (우)04991,02-455-5440,"2.9
점",18,매일 07:00 ~ 22:00 (홀 이용 마감시간 - 21:30),써브웨이,"[""\ud480\ub4dc\ud3ec\ud06c"", ""\ub85c\uc2a4\ud2b8 \uce58\ud0a8"", ""\uc5d0\uadf8\ub9c8\uc694"", ""\ucc38\uce58"", ""\ud130\ud0a4 \ubca0\uc774\ucee8 \uc544\ubcf4\uce74\ub3c4 \uc0d0\ub7ec\ub4dc"", ""\uc774\ud0c8\ub9ac\uc548\ube44\uc5e0\ud2f0""]",kakao map
13327631,불닭발,서울 강남구 언주로30길 26 (우)06294,02-6925-2970,"0
점",0,,닭요리,[],kakao map
1339855381,유하제과,서울 강남구 선릉로 402 1층 (우)06198,070-4205-1760,"2.0
점",2,매일 11:00 ~ 21:00,디저트카페,"[""\uc544\uba54\ub9ac\uce74\ub178"", ""\uce74\ud398\ub77c\ub5bc"", ""\uce74\ud398\ubaa8\uce74"", ""\ubc14\ub2d0\ub77c\ub77c\ub5bc"", ""\uc194\ud2f0\ub4dc\uce74\ub77c\uba5c"", ""\ubc00\ud06c\ud2f0"", ""\ucd08\ucf54\ub77c\ub5bc"", ""\ud06c\ub818\ube0c\ub944\ub808"", ""\uaf2c\ub044\ud6c4\ub808\uc774\ud06c"", ""\uaf2c\ub044"", ""\ub808\ubaa8\ub124\uc774\ub4dc"", ""\uc790\ubabd\uc5d0\uc774\ub4dc"", ""\uccad\ud3ec\ub3c4\uc5d0\uc774\ub4dc"", ""\ube14\ub8e8\ubca0\ub9ac"", ""\uc5bc\uadf8\ub808\uc774"", ""\ub8e8\uc774\ubcf4\uc2a4"", ""\ud398\ud37c\ubbfc\ud2b8"", ""\ub179\ucc28"", ""\uc559\ubc84\ud130"", ""\ub538\uae30\uc2a4\ubb34\ub514"", ""\ud0a4\uc704\uc2a4\ubb34\ub514"", ""\ub9dd\uace0\uc2a4\ubb34\ub514"", ""\ub538\uae30"", ""\uc6b0\uc720"", ""\uc778\uc808\ubbf8"", ""\ucd08\ucf5c\ub9bf"", ""\ud669\uce58\uc988""]",kakao map
1022235994,나으리 죽&솥밥,서울 강남구 언주로86길 11 지하 104호 (우)06210,02-501-9848,"0
점",0,,한식,[],kakao map
27307756,그레인제빵소 본점,서울 송파구 가락로 148 (우)05675,02-417-1240,"3.8
점",28,매일 07:30 ~ 21:30,"제과,베이커리","[""\uc62c\ub9ac\ube0c \uce58\uc544\ubc14\ud0c0"", ""\uc559\ubc84\ud130"", ""\ube14\ub8e8\ubca0\ub9ac \ucf00\uc774\ud06c"", ""\uadf8\ub808\uc778 \ub7ec\uc2a4\ud06c"", ""\ucf69\uace0\ubb3c \ucfe0\ud0a4""]",kakao map
10835228,최가네동태찜탕 본점,서울 동대문구 천호대로 289 (우)02604,,"0
점",0,,"해물,생선",[],kakao map
26351001,나인헤르츠,"서울 성동구 왕십리로 285 1,2층 (우)04744",,"3.3
점",37,월~토 09:00 ~ 24:00,카페,"[""\uc544\uba54\ub9ac\uce74\ub178(HOT)"", ""\uce74\ud478\uce58\ub178(HOT)"", ""\uce74\ud398\ub77c\ub5bc(HOT)"", ""\uce74\ud398\ubaa8\uce74(HOT)"", ""\uc544\ud3ec\uce74\ud1a0""]",kakao map
200442813,떡갈비연구소 강동점,서울 강동구 양재대로111길 54 1층 (우)05354,02-473-9003,"5.0
점",5,매일 10:00 ~ 22:00,한식,"[""NEW)\ub313\uc78e \ube44\ube54 \ub9c9\uad6d\uc218"", ""\ub2f4\uc591 \ub3fc\uc9c0 \ub5a1\uac08\ube44 \ub3c4\uc2dc\ub77d"", ""\ub9c8\ub298 \ub3fc\uc9c0\ub5a1\uac08\ube44 \ub3c4\uc2dc\ub77d"", ""\ub9e4\ucf64\u706b \ub3fc\uc9c0\ub5a1\uac08\ube44_\ub3c4\uc2dc\ub77d"", ""\ub2f4\uc591 \uc18c\ub5a1\uac08\ube44\ub3c4\uc2dc\ub77d"", ""\ub9c8\ub298 \uc18c\ub5a1\uac08\ube44 \ub3c4\uc2dc\ub77d"", ""\ub9e4\ucf64\u706b \uc18c\ub5a1\uac08\ube44 \ub3c4\uc2dc\ub77d"", ""\ub2f4\uc591 \ub3fc\uc9c0\ub5a1\uac08\ube44 \ubaa8\ub460"", ""\ub9c8\ub298 \ub3fc\uc9c0\ub5a1\uac08\ube44 \ubaa8\ub460"", ""\ub9e4\ucf64\u706b \ub3fc\uc9c0\ub5a1\uac08\ube44 \ubaa8\ub460"", ""\ub2f4\uc591 \uc18c\ub5a1\uac08\ube44 \ubaa8\ub460"", ""\ub9c8\ub298 \uc18c\ub5a1\uac08\ube44 \ubaa8\ub460"", ""\ub9e4\ucf64\u706b \uc18c\ub5a1\uac08\ube44 \ubaa8\ub460"", ""\ub2f4\uc591 \ub3fc\uc9c0\ub5a1\uac08\ube44 \ubaa8\ub460 + \ub313\uc78e \ube44\ube54 \ub9c9\uad6d\uc218"", ""\ub9c8\ub298 \ub3fc\uc9c0\ub5a1\uac08\ube44 \ubaa8\ub460 + \ub313\uc78e \ube44\ube54 \ub9c9\uad6d\uc218"", ""\ub9e4\ucf64\u706b \ub3fc\uc9c0\ub5a1\uac08\ube44 \ubaa8\ub460 + \ub313\uc78e \ube44\ube54 \ub9c9\uad6d\uc218"", ""\ub2f4\uc591 \uc18c\ub5a1\uac08\ube44 \ubaa8\ub460 + \ub313\uc78e \ube44\ube54 \ub9c9\uad6d\uc218"", ""\ub9c8\ub298 \uc18c\ub5a1\uac08\ube44 \ubaa8\ub460 + \ub313\uc78e \ube44\ube54 \ub9c9\uad6d\uc218"", ""\ub9e4\ucf64\u706b \uc18c\ub5a1\uac08\ube44 \ubaa8\ub460 + \ub313\uc78e \ube44\ube54 \ub9c9\uad6d\uc218"", ""[\ubcc4\ubbf8\uba54\ub274] \ubaa8\ub460 \uadf8\ub9b4 \ucc44\uc18c""]",kakao map
675001063,육회바른연어 암사점,서울 강동구 구천면로 311 1층 (우)05265,02-6956-7040,"4.3
점",9,매일 11:00 ~ 01:00,일식집,"[""\uc721\ud68c\ub36e\ubc25\uc138\ud2b8(+\uc721\ucd082p)"", ""\uc5f0\uc5b4\ub36e\ubc25\uc138\ud2b8(+\uc721\ucd082p)"", ""\uc721\uc5f0\ub36e\ubc25\uc138\ud2b8(+\uc721\ucd082p)"", ""\uc721\ud68c\ucd08\ubc25(10p)"", ""\uc5f0\uc5b4\ucd08\ubc25(10p)"", ""\uc2a4\ud14c\uc774\ud06c\ucd08\ubc25(10p)"", ""\ubaa8\ub4ec\ucd08\ubc25(12p)"", ""\uc721\ubc14\uc5f0 \uc54c\ucf5c\uc138\ud2b81"", ""\uc721\ubc14\uc5f0\uc54c\ucf5c\uc138\ud2b82"", ""\uc721\ubc14\uc5f0\uc54c\ucf5c\uc138\ud2b83"", ""\uc721\ubc14\uc5f0\uc54c\ucf5c\uc138\ud2b84"", ""\ubd88\uc721\ud68c\ucd08\ubc25(12p)"", ""\uc2a4\ud14c\uc774\ud06c\ucd08\ubc25(12p)"", ""\uc721\ud68c\ub36e\ubc25"", ""\uc5f0\uc5b4\ub36e\ubc25"", ""\uc721\uc5f0\ub36e\ubc25"", ""\ubd88\uc721\ud68c\ub36e\ubc25"", ""\uad6c\uc6b4\uc721\ud68c\ub36e\ubc25"", ""\uc721\ud68c\ubb34\ud55c"", ""\uc721\ud68c+\uc5f0\uc5b4 \ubb34\ud55c""]",kakao map
519103478,에이프리카페,서울 강동구 천호대로158길 19 1층 (우)05379,010-6622-8625,"4.6
점",18,월~토 11:00 ~ 21:00,커피전문점,"[""\uc5d0\uc2a4\ud504\ub808\uc18c"", ""\uc2a4\ud2b8\ub77c\ud30c\uc9dc\ud1a0"", ""\ud53c\uc5d0\ub178"", ""\ucf58\ud30c\ub0d0"", ""\uc544\uba54\ub9ac\uce74\ub178"", ""\uce74\ud398 \ub77c\ub5bc"", ""\ub3cc\uccb4 \ub77c\ub5bc"", ""\uce74\ud398 \ubaa8\uce74"", ""\uc218\uc81c \ubc14\ub2d0\ub77c\ube48 \ub77c\ub5bc"", ""\ucd08\ucf5c\ub9bf \ub77c\ub5bc"", ""\uc5bc\uadf8\ub808\uc774 \ud2f0"", ""\ud398\ud37c\ubbfc\ud2b8 \ud2f0"", ""\ud328\uc158\ud6c4\ub974\uce20 \uc5d0\uc774\ub4dc"", ""\ud50c\ub808\uc778 \ud718\ub0ad\uc2dc\uc5d0"", ""\uc18c\uae08\ucd08\ucf54 \ud718\ub0ad\uc2dc\uc5d0"", ""\uace0\ub974\uace4\uc878\ub77c \ud718\ub0ad\uc2dc\uc5d0"", ""\ub9d0\ucc28 \ud718\ub0ad\uc2dc\uc5d0"", ""\ub77c\uc988\ubca0\ub9ac \ud718\ub0ad\uc2dc\uc5d0"", ""\ubb34\ud654\uacfc \ud718\ub0ad\uc2dc\uc5d0"", ""\uc5d0\uc2a4\ud504\ub808\uc18c \ud718\ub0ad\uc2dc\uc5d0""]",kakao map
16822288,9292꼬치 암사점,서울 강동구 고덕로 88-5 (우)05254,02-442-8899,"4.5
점",4,,닭요리,"[""\uc18c\uac08\ube44\uaf2c\uce58"", ""\uc0bc\uacb9\uc0b4 \uaf2c\uce58"", ""\uc0c8\uc6b0\uaf2c\uce58"", ""\ubc18\uac74\uc870\ud3ec \ub178\uac00\ub9ac (1\uac1c)"", ""\uc904\ub178\uac00\ub9ac (4\uac1c)"", ""\uc624\ub385\ud0d5\ub098\ubca0"", ""\uc5bc\ud070 \uc5b4\ubb35 \ub77c\uba74""]",kakao map
865269922,와플존,서울 강동구 천중로50길 27 (우)05343,,"0
점",0,,카페,[],kakao map
1896997691,해물을찜한날,서울 강동구 구천면로 316 1층 (우)05309,02-441-0905,"3.0
점",2,매일 12:00 ~ 23:00,회,"[""\uc18c\ub77c\ud68c"", ""\ud574\uc0bc"", ""\uba4d\uac8c"", ""\uac1c\ubd88"", ""\ub099\uc9c0\ubcf6\uc74c"", ""\uc870\uac1c\ucc1c"", ""\uac00\ub9ac\ube44\ud68c"", ""\ud0a4\uc870\uac1c\ud68c"", ""\uc544\uadc0\ucc1c"", ""\uc544\ub099\ucc1c"", ""\uad74\ubb34\uce68"", ""\ub3d9\ud0dc\ucc1c"", ""\ucb48\uafb8\ubbf8\ube44\ube54\ubc25"", ""\ub3d9\ud0dc\uc804"", ""\ub3d9\ud0dc\uc804\uace8"", ""\ubcf6\uc74c\ubc25""]",kakao map
1922620159,빽다방 건대동문회관점,서울 광진구 아차산로36길 5 1층 (우)05066,02-2088-1755,"10
개",0,매일 08:30 ~ 22:00,빽다방,"[""\uc544\uba54\ub9ac\uce74\ub178 (ICED)"", ""\uc544\uba54\ub9ac\uce74\ub178 (HOT)"", ""\uc720\uc790\ud2f0 (ICED)"", ""\uc624\ub80c\uc9c0\uc790\ubabd\ube14\ub799\ud2f0 (HOT)"", ""\ub178\ub9d0\ud55c \uc18c\ud504\ud2b8""]",kakao map
233623177,계열사 논현점,서울 강남구 언주로113길 16 1층 (우)06108,02-544-2527,"4.3
점",16,화~일 02:00 ~ 24:00,치킨,"[""\ud6c4\ub77c\uc774\ub4dc"", ""\uace8\ubc45\uc774\uc18c\uba74"", ""\ub2ed\ubaa8\ub798\uc9d1\ubcf6\uc74c"", ""\ub9e4\uc6b4\ubb34\ubf08\ub2ed\ubc1c"", ""\ubd80\uc0b0\uc5d0\uc11c \uc628 \uc624\ub385\ud0d5"", ""\uc544\uadc0\ud3ec+\ubbf9\uc2a4\ub11b"", ""\ub9e4\uc6b4\ubc88\ub370\uae30\ud0d5"", ""\ubc31\ub3c4+\ud669\ub3c4""]",kakao map
16790512,사대분식,서울 광진구 능동로 197-1 (우)05006,02-466-5130,"3.9
점",26,매일 10:00 ~ 21:00,분식,"[""\uc57c\ucc44\ub5a1\ubcf6\uc774"", ""\uc794\uce58\uad6d\uc218"", ""\ucac4\uba74"", ""\uc21c\ub450\ubd80\ucc0c\uac1c"", ""\ube44\ube54\ubc25"", ""\uc57c\ucc44\ub5a1\ubcf6\uc774"", ""\uce7c\uad6d\uc218"", ""\uc794\uce58\uad6d\uc218"", ""\ucac4\ubcf6\uc774"", ""\ucac4\uba74""]",kakao map
1985927139,르사이공 강남더인피닛스퀘어점,서울 서초구 사평대로58길 6 G층 101호 (우)06611,02-536-5838,"3.5
점",10,월~금 11:00 ~ 22:00,베트남음식,"[""\uc18c\uace0\uae30 \uc300\uad6d\uc218 (M)"", ""\ud53c\ub9ac\ubbf8\uc5c4 \uc300\uad6d\uc218 (M)"", ""\ubd84\ubcf4\ud6c4\uc5d0 (M)"", ""\ud574\ubb3c \ubcf6\uc74c\ubc25"", ""\ud30c\uc778\uc560\ud50c \ubcf6\uc74c\ubc25""]",kakao map
1643814574,한상전통수제갈비찜진품명품 본점,서울 강남구 언주로85길 32 (우)06221,0503-5299-2703,"0
점",0,매일 11:00 ~ 24:00,한식,[],kakao map
1186628116,연카페,서울 서초구 양재천로21길 7 양재빌딩 5층 (우)06748,02-575-3531,"2.0
점",2,월~토 11:00 ~ 20:00,사주카페,"[""\uc544\uba54\ub9ac\uce74\ub178(Hot)"", ""\uc5d0\uc2a4\ud504\ub808\uc18c(Hot)"", ""\uce74\ud398\ub77c\ub5bc(Hot)"", ""\ub808\ubaac\uc5d0\uc774\ub4dc"", ""\uc0dd\uc694\uac70\ud2b8""]",kakao map
1589030469,신사골감자탕 위례점,"경기 성남시 수정구 위례광장로 21-6 청프라자 가동 1층 104,105호 (우)13647",031-751-2882,"2.8
점",25,매일 09:00 ~ 23:00,감자탕,"[""\ubf08\ud574\uc7a5\uad6d"", ""\uac10\uc790\ud0d5(\uc18c)"", ""\ud669\ud0dc\ud574\uc7a5\uad6d"", ""\ub4f1\ubf08\ucc1c(\uc18c)"", ""\ucf69\ub098\ubb3c\uad6d\ubc25""]",kakao map
1315020719,발리텍사스바베큐,서울 강남구 논현로 623 성지빌딩 1층 101호 (우)06117,,"5.0
점",2,매일 11:00 ~ 24:00,양식,[],kakao map
1431317142,라파즈,서울 강남구 도산대로90길 11 지하1층 (우)06070,010-7939-5326,"0
점",0,매일 00:00 ~ 24:00,양식,"[""VIP \uc804\uccb4\uc774\uc6a9 \uac00\ub2a5""]",kakao map
1802263534,버스데이파티,서울 강남구 선릉로161길 15 동인빌딩 지하 1층 (우)06018,,"0
점",0,,술집,[],kakao map
1883211784,화로상회 천호점,서울 강동구 천호대로157길 18 원방빌딩 2층 201호 (우)05335,02-477-6274,"3.9
점",9,매일 11:30 ~ 23:30,고기뷔페,"[""\uc131\uc778(13\uc138\uc774\uc0c1)"", ""7~12\uc138"", ""4~6\uc138"", ""\ub0c9\uba74(\ubb3c\ub0c9\uba74/\ube44\ube54\ub0c9\uba74)"", ""\ud1b5\uac10\uc790\ub41c\uc7a5\ucc0c\uac1c"", ""\uacc4\ub780\ucc1c""]",kakao map
517756732,송가네,서울 강남구 봉은사로25길 12 1층 (우)06122,070-8162-9164,"5.0
점",3,매일 08:30 ~ 21:30,한식,"[""\uc5b4\uba38\ub2d9\ubc25\uc0c1 (\uc694\uc77c\ubcc4 \uba54\ub274)"", ""\uae40\uce58\ucc0c\uac1c"", ""\ub41c\uc7a5\ucc0c\uac1c"", ""\uccad\uad6d\uc7a5"", ""\uc54c\ubc25"", ""\uc21c\ub450\ubd80\ucc0c\uac1c"", ""\ubd81\uc5b4\uad6d\uc815\uc2dd"", ""\uc2a4\ud338\uc815\uc2dd"", ""\uace0\ub4f1\uc5b4(\uc0dd\uc120\uad6c\uc774)"", ""\uac08\uce58 (\uc0dd\uc120\uad6c\uc774)"", ""\ub3d9\ud0dc\ucc0c\uac1c (2\uc778 \uc774\uc0c1)"", ""\ubd80\ub300\ucc0c\uac1c (2\uc778 \uc774\uc0c1)"", ""\uc0bc\uacc4\ud0d5"", ""\uc81c\uc721\ubcf6\uc74c"", ""\ub69d\ubc30\uae30\ubd88\uace0\uae30"", ""\uc624\uc9d5\uc5b4\ubcf6\uc74c"", ""\ub099\uc9c0\ubcf6\uc74c\uc815\uc2dd"", ""\uc624\uc0bc\ubd88\uace0\uae30"", ""\uaf41\uce58\uae40\uce58\ucc0c\uac1c (2\uc778 \uc774\uc0c1)""]",kakao map
1850344021,아리인터네셔널,서울 강남구 선릉로120길 12 (우)06093,,"0
점",0,,음식점,[],kakao map
756720248,히카리,경기 성남시 수정구 위례광장로 45 1층 (우)13647,,"0
점",0,,일본식주점,[],kakao map
20946094,강강술래 청담점,"서울 강남구 도산대로 535 1,2층 (우)06013",02-3443-3392,"3.4
점",32,매일 11:00 ~ 06:00,갈비,"[""\uc655\uc591\ub150\uac08\ube44"", ""\uc220\ub798\uc591\ub150\uad6c\uc774"", ""\ud55c\ub3c8\uc591\ub150\uad6c\uc774"", ""\uc601\uc591\uac08\ube44\ud0d5"", ""\ucc28\ub3cc\ub41c\uc7a5\ucc0c\uac1c""]",kakao map
593367337,이모네로,서울 강남구 강남대로124길 39 지하1층 107호 (우)06114,,"0
점",0,매일 09:00 ~ 23:55,한식,[],kakao map
1270590096,이자카야오민 교대점,서울 서초구 반포대로28길 77 2층 (우)06645,,"5.0
점",1,월~토 11:30 ~ 24:00월~토 휴게시간 15:00 ~ 17:00,일본식주점,"[""\uac10\uc790\uc0ac\ub77c\ub2e4"", ""\uace0\ub85c\ucf00"", ""\uc0c8\uc6b0\ud280\uae40"", ""\uac00\ub77c\uc544\uac8c"", ""\ud0c0\ucf54\uc640\uc0ac\ube44"", ""\uc624\uc9d5\uc5b4\ud280\uae40""]",kakao map
2004885983,한사리감자탕&뼈구이 청담점,서울 강남구 압구정로79길 32 1층 102호 (우)06012,02-514-3770,"3.1
점",9,매일 11:30 ~ 22:00월~금 휴게시간 15:00 ~ 17:00,감자탕,"[""\ud55c\uc0ac\ub9ac\uac10\uc790\ud0d5(\uc18c)"", ""\uc9c1\ud654\ubf08\uad6c\uc774(\uc911)"", ""\ub9d1\uc740\uac10\uc790\ud0d5(\uc18c)"", ""\ud55c\uac00\ub4dd \ubf08\ucc1c(\uc911)"", ""\ud55c\uac00\ub4dd \ud574\ubb3c\ubf08\ucc1c(2~3\uc778)""]",kakao map
1317950224,우리바다생태찌개,서울 성동구 왕십리로22길 22 1층 (우)04709,02-2281-0331,"4.8
점",4,,"해물,생선","[""\uc0dd\ud0dc\ud0d5"", ""\uc0dd\ud0dc\uc9c0\ub9ac"", ""\ud574\ubb3c\ucf54\ub2e4\ub9ac\ucc1c(\uc911)"", ""\ub3d9\ud0dc\uc804"", ""\ud574\ubb3c\ud30c\uc804"", ""\uad74\uc804"", ""\ud64d\uc5b4\ud68c\ubb34\uce68"", ""\ud1b5\uace8\ubc45\uc774\ubb34\uce68"", ""\ud1b5\uace8\ubc45\uc774"", ""\uc0dd\ub300\uad6c"", ""\uaf2c\ub9c9"", ""\ubb38\uc5b4\uc219\ud68c""]",kakao map
1791202784,스시포레,서울 성동구 뚝섬로1길 31 서울숲M타워 1층 104호 (우)04778,0507-1349-5851,"4.1
점",7,월~금 11:00 ~ 22:00월~금 휴게시간 14:30 ~ 16:30,"초밥,롤","[""\uc2dc\uadf8\ub2c8\ucc98 \uc2a4\uc2dc(5pcs)"", ""\uc544\ubcf4\uce74\ub3c4\ub864"", ""\uc0c8\uc6b0\ub864"", ""\uad6c\uc6b4\uc5f0\uc5b4\ub864"", ""\uc0dd\uc5f0\uc5b4\ub864"", ""\uc218\uc81c \ucc28\uc288 \ub3c8\ucf54\uce20 \ub77c\uba58"", ""\ub098\uac00\uc0ac\ub07c \uc9ec\ubf55"", ""\ub3c8 \uc9ec\ubd09"", ""\uc5f0\uc5b4 \ud3ec\ucf00"", ""\uad11\uc5b4 \ud3ec\ucf00"", ""\ud3ec\ub808 \uc0ac\uc2dc\ubbf8""]",kakao map
1183765445,바비비드,서울 강남구 강남대로 498 (우)06119,,"0
점",0,,술집,[],kakao map
1984129217,본디,서울 송파구 백제고분로41길 18 1층 (우)05622,02-6080-3636,"2027
개",0,매일 12:00 ~ 22:00,삼겹살,"[""\ub3fc\uc9c0 \uc0dd\uac08\ube44""]",kakao map
1259568533,오스콘,서울 송파구 백제고분로22길 26 1층 (우)05594,02-419-5199,"4.3
점",4,,디저트카페,[],kakao map
1801258872,생마차 구의역점,서울 광진구 아차산로51길 42 노블스타 1층 (우)05043,,"2.0
점",1,매일 17:00 ~ 04:00,생마차,"[""\uc624\uc774\uc0ac\ub77c\ub2e4"", ""\uc0dd\uac15\ud1a0\ub9c8\ud1a0"", ""\uc124\ud0d5\ud1a0\ub9c8\ud1a0"", ""\ub561\ucd08\ubb3c\ub9cc\ub450"", ""\uc740\ud589\uad6c\uc774"", ""\ub124\uae30\ub9c8\uc694 \ud0c0\ucf54\uc57c\ub07c"", ""\uac00\ub9c8\ubcf4\uaf2c \uc624\ub385"", ""\uce58\uc988\ub77c\uba74"", ""\ud3ec\ud14c\ud1a0\uc2a4\ud504"", ""\uc21c\ub450\ubd80\uc5f4\ub77c\uba74"", ""\uc5b4\ubb35\uc6b0\ub3d9"", ""\ub2ed\uaecd\uc9c8\uad50\uc790"", ""\uc544\uc9c0\ud6c4\ub77c\uc774"", ""\ube44\ube54\ub9cc\ub450"", ""\ud30c\ub798\uc5b4\ubb35\ud280\uae40"", ""\ub9e4\ucf64\uc591\ub150\uc624\ub385\ud280\uae40"", ""\ud6c4\ub80c\uce58\ud6c4\ub77c\uc774"", ""\uace0\ub4f1\uc5b4\uc18c\uae08\uad6c\uc774"", ""\uc624\uaf2c\ub178\ubbf8\uc57c\ub07c"", ""\uba85\ub780\uad6c\uc774"", ""\ud14c\ubc14\ub098\uce74""]",kakao map
915338155,라꾸르구르몽드 갤러리아백화점,서울 강남구 압구정로 343 웨스트점 지하1층 (우)06008,02-3449-4061,"0
점",0,,간식,[],kakao map
205421822,제일제면소 올림픽공원점,서울 송파구 올림픽로 424 올림픽공원 동2문 입구 (우)05540,02-421-8181,"2.3
점",46,매일 10:30 ~ 22:00,제일제면소,"[""\ud669\ud0dc \ud574\uc7a5\uad6d\uc218"", ""\ud669\ud0dc \ud574\uc7a5\uad6d\uc218 \ucc28\ub9bc\uc0c1"", ""\uc9c4\ud55c \ub4e4\uae30\ub984 \ub9c9\uad6d\uc218"", ""\uba85\ud0dc\ud68c \ube44\ube54\uad6d\uc218"", ""\uc81c\uc77c\uc6b0\ub3d9"", ""\uc81c\uc77c\uad6d\uc218"", ""\uc18c\ubd88\uace0\uae30 \uc6b0\ub3d9"", ""\uc218\uc81c \ub3c8\uae4c\uc2a4"", ""\uc18c\ubd88\uace0\uae30 \ub2ec\uac40\ub36e\ubc25"", ""\ub9e4\ucf64 \ub2ed\uac08\ube44\ub36e\ubc25"", ""\uc0c8\uc6b0\ud280\uae40(3pcs)"", ""\ub9e4\ucf64\uc21c\uc0b4\ub2ed\ud280\uae40(\uc18c)"", ""\uc528\uc557\ub2ed\uac15\uc815"", ""\ubb34\uad50 \uc9c1\ud654 \ub099\uc9c0\ubcf6\uc74c"", ""\uc624\uc0bc \uce7c\uad6d\uc218 \ubcf6\uc74c\uba74"", ""\ubc14\uc0ad\uac10\uc790\uc804"", ""\ub179\ub450\uc804"", ""\uc0bc\uacb9\uc0b4\ubd80\ucd94\ubcf6\uc74c"", ""\uc2a4\ud0a4\uc57c\ud0a4 \uc804\uace8"", ""\ud55c\uc6b0 \uad6d\uc218 \uc804\uace8""]",kakao map
22646404,솥뚜껑파전,경기 성남시 수정구 복정로 43 1층 (우)13118,,"4.8
점",10,월~금 17:30 ~ 00:30,"호프,요리주점","[""\uc1a5\ub69c\uaed1\ud574\ubb3c\uae40\uce58\ud30c\uc804"", ""\uace8\ubc45\uc774\ubb34\uce68"", ""\ubd88\uace0\uae30\ubcf6\uc74c"", ""\uc5b4\ubb35\ud0d5"", ""\uad6d\ubb3c\ub5a1\ubcf6\uc774"", ""\ub450\ubd80\uae40\uce58"", ""\ub109\uc9c0\uc18c\uba74"", ""\uba39\ud0dc""]",kakao map
264892996,휴가,서울 강남구 논현로119길 16 103동 1층 (우)06116,02-3444-2022,"4.4
점",16,매일 09:00 ~ 21:30,갤러리카페,"[""\uc544\uba54\ub9ac\uce74\ub178"", ""\uce74\ud398\ub77c\ub5bc"", ""\ub808\ubaac \uc5d0\uc774\ub4dc"", ""\ud788\ube44\uc2a4\ucee4\uc2a4\ube0c\ub79c\ub529""]",kakao map
117482281,버디하우스,서울 성동구 왕십리로16가길 10-32 1층 (우)04788,010-9787-3592,"0
점",0,"금,토 19:00 ~ 02:00",한식,"[""\ubc84\ub514\ud558\uc6b0\uc2a4 \uc640\uc778"", ""\ubc84\ub514\ud558\uc6b0\uc2a4 \uc704\uc2a4\ud0a4"", ""\ud06c\ub9ac\uc2a4\ud53c \ud56b\ub3c4\uadf8"", ""\uce75\ud14c\uc77c\uc0c8\uc6b0 \ubcf6\uc74c\ubc25"", ""\uc2a4\uc704\ud2f0 \ud56b\uc719"", ""\ud06c\ub9ac\uc2a4\ud53c \uac10\uc790\ud280\uae40 & \uce58\uc988"", ""\ud06c\ub9ac\uc2a4\ud53c \ud1b5 \uc0c8\uc6b0 \ud280\uae40"", ""\ud06c\ub9ac\ubbf8 \ubc84\ud130 \ud31d\ucf58"", ""\ud1a0\ub9c8\ud1a0 \ubbf8\ud2b8\ubcfc""]",kakao map
23641275,써클커피,서울 송파구 중대로25길 8 (우)05661,,"4.8
점",9,월~금 07:00 ~ 18:00,커피전문점,"[""\uc5d0\uc2a4\ud504\ub808\uc18c"", ""\uc544\uba54\ub9ac\uce74\ub178"", ""\uce74\ud398\ub77c\ub5bc"", ""\uce74\ud478\uce58\ub178"", ""\ubc14\ub2d0\ub77c\ub77c\ub5bc"", ""\uce74\ud398\ubaa8\uce74"", ""\uce74\ub77c\uba5c \ub9c8\ub07c\uc544\ub610"", ""\uc5f0\uc720\ub77c\ub5bc"", ""\ubc00\ud06c\ud2f0"", ""\ud56b\ucd08\ucf54"", ""\uc544\uc774\uc2a4\ucd08\ucf54"", ""\uc9c4\uc9dc \uc465 \ub77c\ub5bc"", ""\ub808\ubaac \uc5d0\uc774\ub4dc"", ""\ucfe8\ub77c\uc784 \uc5d0\uc774\ub4dc"", ""\uc790\ubabd \uc5d0\uc774\ub4dc"", ""\uc560\ud50c \uc2dc\ub098\ubaac \uc5d0\uc774\ub4dc"", ""\ubb38\uacbd \uc624\ubbf8\uc790 \uc5d0\uc774\ub4dc"", ""\ub2f9\uadfc \uc8fc\uc2a4"", ""\ub808\ubaac\ud2f0"", ""\uc720\uc790\ud2f0"", ""\uc0ac\uacfc\ud2f0"", ""\uc5bc\uadf8\ub808\uc774"", ""\uce90\ubaa8\ub9c8\uc77c"", ""\ub8e8\uc774\ubcf4\uc2a4"", ""\ud398\ud37c\ubbfc\ud2b8"", ""\uc9c4\uc9dc \ub538\uae30 \uc6b0\uc720 (SEASON)"", ""\ub2e8\ud638\ubc15 \ub77c\ub5bc (SEASON)""]",kakao map
1328052273,칠공일일,서울 강동구 풍성로63길 36-9 (우)05364,,"0
점",0,매일 10:00 ~ 02:00,한식,[],kakao map
361090613,사라푸드,서울 광진구 능동로49길 41 (우)04910,02-6338-4497,"0
점",0,,도시락,[],kakao map
466302339,두찜,서울 서초구 나루터로 70 (우)06526,,"0
점",0,,두찜,"[""\uc2a4\ud338\ubd80\ub300\ucc1c\ub2ed"", ""\ub9c8\ub77c\ub85c\uc81c\ucc1c\ub2ed"", ""\ub85c\uc81c\ucc1c\ub2ed"", ""\uae4c\ub9cc\ucc1c\ub2ed"", ""\uce58\uc988\ubabd\ub545\ucc1c\ub2ed(\uae4c\ub9cc)"", ""\ub85c\uc81c\ub2ed\ubc1c"", ""\ub85c\uc81c\ucc1c\ub2ed\uac8c\ud2f0"", ""\ud2b8\ub7ec\ud50c\ud06c\ub9bc\ucc1c\ub2ed"", ""\ud2b8\ub7ec\ud50c\ud06c\ub9bc\ucc1c\ub2ed\uac8c\ud2f0"", ""\uc2dc\ub798\uae30\ucc1c\ub2ed"", ""\ube68\uac04\ucc1c\ub2ed"", ""\uce58\uc988\ubabd\ub545\ucc1c\ub2ed(\ube68\uac04)"", ""\ubb35\uc740\uc9c0\ucc1c\ub2ed"", ""\ub2ed\ubcf6\uc74c\ud0d5"", ""\ub9e4\ucf64\ucc1c\ub2ed\uac8c\ud2f0"", ""\uac00\uc9c0\ud280\uae40"", ""\uce58\uc988\ubcfc"", ""\ud280\uae40\ub9cc\ub450"", ""\ub0a9\uc791\ub9cc\ub450"", ""\ud1b5\ub4f1\uc2ec\ub3c8\uae4c\uc2a4""]",kakao map
1183789010,커피에반하다 역삼디오빌점 스마트카페,서울 강남구 언주로 427 (우)06221,070-4493-7699,"0
점",0,매일 00:00 ~ 24:00,커피에반하다,"[""\uce74\ub77c\uba5c\ub9c8\ub07c\uc544\ub610"", ""\uc544\uba54\ub9ac\uce74\ub178"", ""\uce74\ud398\ub77c\ub5bc"", ""\ub9ac\uc5bc \ub808\ubaac\uc5d0\uc774\ub4dc"", ""\ud5c8\ub2c8\ubc84\ud130\ube0c\ub808\ub4dc"", ""\ucf5c\ub4dc\ube0c\ub8e8"", ""\ucf5c\ub4dc\ube0c\ub8e8\ub77c\ub5bc"", ""\ubc00\ud06c\ub760\ub77c\ub5bc"", ""\ucd08\ucf54\ub77c\ub5bc"", ""\uae54\ub77c\ub9cc\uc2dc \uc5d0\uc774\ub4dc"", ""\ub538\uae30\uc8fc\uc2a4"", ""\ud30c\uc778\ub9dd\uace0 \uc2a4\ubb34\ub514"", ""\ub538\uae30\ud504\ub77c\ud398"", ""\ubbfc\ud2b8\ucd08\ucf54 \ud504\ub77c\ud398""]",kakao map
191569136,이디야 응봉동점,서울 성동구 독서당로 381 (우)04720,02-2282-6167,"4.6
점",5,월~금 08:00 ~ 22:00,이디야커피,"[""\ucf5c\ub4dc\ube0c\ub8e8 \ub2c8\ud2b8\ub85c"", ""\ubbfc\ud2b8\ubaa8\uce74"", ""\ubc14\ub2d0\ub77c \ub77c\ub5bc"", ""\uce74\ub77c\uba5c \ub9c8\ub07c\uc544\ub610"", ""\uce74\ud398 \ub77c\ub5bc"", ""\uce74\ud398 \uc544\uba54\ub9ac\uce74\ub178"", ""\uce74\ud398\ubaa8\uce74"", ""\uce74\ud478\uce58\ub178"", ""\ud654\uc774\ud2b8 \ucd08\ucf5c\ub9bf \ubaa8\uce74"", ""\ucf5c\ub4dc\ube0c\ub8e8\ub77c\ub5bc"", ""\ucf5c\ub4dc\ube0c\ub8e8 \ud654\uc774\ud2b8 \ube44\uc5d4\ub098"", ""\uc774\uace1\ub77c\ub5bc"", ""\ub514\uce74\ud398\uc778 \ucf5c\ub4dc\ube0c\ub8e8 \uc544\uba54\ub9ac\uce74\ub178"", ""\uc560\ud50c\ub8e8\uc774\ubcf4\uc2a4\ud2f0"", ""\uc81c\uc8fc\ud638\uc9c0\ucc28\ub77c\ub5bc"", ""\uc5f0\uc720\ubc00\ud06c\ud2f0""]",kakao map
913730479,레전드고기한상 암사점,서울 강동구 상암로 75-1 (우)05261,0507-464-9813,"0
점",0,매일 18:00 ~ 04:00,한식,[],kakao map
26848247,파리바게뜨 잠실스타점,서울 송파구 백제고분로 200 1층 (우)05581,02-422-7928,"2.1
점",18,매일 10:20 ~ 21:40,파리바게뜨,"[""\ubd80\ub4dc\ub7ec\uc6b4 \uc815\ud1b5\uc6b0\uc720\uc2dd\ube75"", ""\ubc14\uc0ad\ud558\uac8c \uadf8\ub300\ub85c \ud1a0\uc2a4\ud2b8"", ""\ud638\ubc00\ud638\ub450 \ud50c\ub7ec\uc2a4 \uc2dd\ube75"", ""\ub2ec\ucf64\ud5a5\uae0b\ud55c \uc2dc\ub098\ubaac\uc2dd\ube75"", ""\uadc0\ub9ac\uac00\ub4dd \ud640\uadf8\ub808\uc778 \uc624\ud2b8\uc2dd\ube75"", ""\uac08\ub9ad\ubc84\ud130\ubc14\uac8c\ub728"", ""\ucd94\uc5b5\uc758\uc559\uaf2c\ube75"", ""\ucf64\ube44\ub124\uc774\uc158\ud53c\uc790 \ubc14\uac8c\ub728"", ""\uc0ac\uac01\uc0ac\uac01 \uc560\ud50c\ud30c\uc774"", ""\uc0c1\ud07c\uccad\uc0ac\uacfc \ub9d8\ubaa8\uc2a4"", ""\uc0ac\ub974\ub974 \uc5f0\uc720\uc218\ud50c\ub808"", ""\ud638\ub450\uc544\ubaac\ub4dc \ud06c\ub9bc\uce58\uc988\ube75"", ""\uc778\uc808\ubbf8 \uc0dd\ud06c\ub9bc \ub274\uc695\ub864"", ""\ubbf8\ub2c8 \uc18c\uc2dc\uc9c0 \ud398\uc2a4\uce04\ub9ac"", ""\uc6b0\uc720 \ub4ec\ubfcd \uc5f0\uc720\ube0c\ub808\ub4dc"", ""\uba85\ud488 \uace0\uae30\uc7a1\ucc44\uace0\ub85c\ucf00"", ""\ubd80\ub4dc\ub7ec\uc6b4 \uc2dc\uace8 \uce58\uc988\ube75"", ""\ub9e4\ucf64 \uc81c\uc721\uace0\ub85c\ucf00"", ""\uac74\uac15\uac00\ub4dd\ud1b5\ubc00\ube0c\ub808\ub4dc"", ""\uc6b0\ub9ac\ubc00\uc744 \ub354\ud55c \ub2e8\ud325\ube75 \ud50c\ub7ec\uc2a4""]",kakao map
1539924332,DOCKING,서울 서초구 동산로19길 54 (우)06782,,"0
점",0,,한식,[],kakao map
1850414516,와플맨,서울 서초구 동산로14길 2 1층 2호 (우)06784,,"0
점",0,,"제과,베이커리",[],kakao map
950552409,에스피온,서울 강남구 삼성로71길 45 1층 103호 (우)06201,02-5092-9291,"4.9
점",7,월~금 07:00 ~ 17:00,카페,"[""\ubc14\ub2d0\ub77c\ube48\ub77c\ub5bc"", ""\uc544\uba54\ub9ac\uce74\ub178"", ""\uce74\ud398\ub77c\ub5bc"", ""\uc5d0\uc2a4\ud504\ub808\uc18c"", ""\ud50c\ub7ab\ud654\uc774\ud2b8"", ""\ucd08\ucf54\ud06c\ub9bc\ub77c\ub5bc"", ""\uce74\ubaa8\ub9c8\uc77c\uba54\ub4e4\ub9ac\ud2f0"", ""\ud398\ud37c\ubbfc\ud2b8 \ub8e8\uc774\ubcf4\uc2a4\ud2f0"", ""\ube14\ub8e8\ubca0\ub9ac \ub8e8\uc774\ubcf4\uc2a4\ud2f0"", ""\ud53c\uce58 \ube14\ub85c\uc378\ud2f0"", ""\ub9e4\uc2e4\ud2f0/\uc5d0\uc774\ub4dc"", ""\ub808\ubaac\ud2f0/\uc5d0\uc774\ub4dc"", ""\uc790\ubabd\ud2f0/\uc5d0\uc774\ub4dc"", ""\ub9d0\ucc28\ub77c\ub5bc"", ""\ubbfc\ud2b8\ucd08\ucf54\ub77c\ub5bc"", ""\ud1a0\ud53c\ub11b\ub77c\ub5bc"", ""\ucd08\ucf54\ub77c\ub5bc"", ""\ub179\uc0c9\uad34\ubb3c"", ""\ubc00\ud06c\uc250\uc774\ud06c"", ""\ud50c\ub808\uc778\uc694\uac70\ud2b8"", ""\uacfc\uc77c\uc694\uac70\ud2b8(\ub538\uae30/\ube14\ub8e8\ubca0\ub9ac/\ubc14\ub098\ub098)"", ""\uc560\ud50c\ub9dd\uace0\uc2a4\ubb34\ub514"", ""\ub9dd\uace0\ucf54\ucf54\ub11b\uc2a4\ubb34\ub514"", ""\ucd08\ucf54\ucd08\ucf54/\ubbfc\ud2b8\ucd08\ucf54\uce69\uc2a4\ubb34\ub514"", ""\ucef5\ube59\uc218(\ud325)"", ""\ucef5\ube59\uc218(\ub9dd\uace0/\ubca0\ub9ac\ubca0\ub9ac)"", ""esp.coco(only iced)"", ""\uc0ac\ucf00\ub77c\ub610""]",kakao map
183449907,제이에스에프앤비코리아,서울 강남구 도산대로49길 23 휘오레 지하2층 (우)06020,,"0
점",0,,커피전문점,[],kakao map
1604082737,천진영감 잠실점,서울 송파구 올림픽로 269 지하1층 (우)05510,,"4.0
점",22,월~금 11:30 ~ 22:00,중국요리,"[""\ucc9c\uc9c4\uc2dd\uc870\uac1c\ubcf6\uc74c"", ""\ub2ed\ub2e4\ub9ac\uc0b4\ud280\uae40"", ""\ub2ed\ub0a0\uac1c\ud280\uae40""]",kakao map
18442419,강남김밥,서울 강남구 선릉로130길 20 (우)06088,02-540-1516,"4.4
점",29,월~금 06:30 ~ 17:30,분식,"[""\uc6d0\uc870\uae40\ubc25"", ""\uc720\ubd80\uae40\ubc25"", ""\uce58\uc988\uae40\ubc25"", ""\ub3c8\uac00\uc2a4\uae40\ubc25"", ""\ubd88\uace0\uae30\uae40\ubc25""]",kakao map
1251725293,2046팬스테이크 롯데백화점 잠실점,서울 송파구 올림픽로 240 지하 1층 (우)05554,,"2.6
점",11,매일 10:30 ~ 22:00,"스테이크,립","[""\ud504\ub9ac\ubbf8\uc5c4 \uc2a4\ud14c\uc774\ud06c(\ubd80\ucc44\uc0b4 170g)"", ""\ucc28\ub3cc\ubc15\uc774 \uae40\uce58 \ud544\ub77c\ud504"", ""\uc528\ud478\ub4dc \uc624\ub9ac\uc5d4\ud0c8 \uc624\uc77c \ud30c\uc2a4\ud0c0"", ""\uace0\ub974\uace4\uc878\ub77c \ud06c\ub9bc \ube44\ud504 \ud30c\uc2a4\ud0c0"", ""\uc18c \uac08\ube44\uc0b4 \ub5a1\ubcf6\uc774""]",kakao map
1914759141,조스테이블코리아,서울 서초구 반포대로 121 (우)06655,02-3495-1482,"0
점",0,,커피전문점,[],kakao map
43659770,위스키서울,서울 강남구 삼성로85길 33 (우)06196,,"0
점",0,,술집,[],kakao map
1043183565,천하일미금남닭강정,서울 성동구 장터길 47 (우)04726,02-6094-3133,"4.0
점",6,기타  (12:00 ~재료소진시 조기마감),닭강정,"[""\ub2ed\uac15\uc815(\ub300)"", ""\ub2ed\uac15\uc815(\uc911)"", ""\ub2ed\ub625\uc9d1(\ub300)"", ""\ud0a4\ud1a0\uc0b0\uac8c\ud280\uae40(\ub300)"", ""\uce58\uc988\ud56b\ubc14""]",kakao map
21396748,로얄식당,서울 중구 다산로14길 6 (우)04590,02-2231-6833,"5.0
점",1,,한식,[],kakao map
1384029439,TWUC,서울 강남구 압구정로 118 아리지빌딩 1층 (우)06028,,"0
점",0,매일 09:00 ~ 17:00,카페,"[""\uc544\uba54\ub9ac\uce74\ub178"", ""\uce74\ud398\ub77c\ub5bc"", ""\ubc84\uac74\ub514\ub77c\ub5bc"", ""TWUC \uc288\ud398\ub108"", ""TWUC \ub77c\ub5bc""]",kakao map
1628510372,가은사주앤타로,서울 송파구 백제고분로45길 31 용진빌딩 1층 (우)05622,010-7516-7131,"4.4
점",110,매일 11:00 ~ 22:30,사주카페,"[""\ud0c0\ub85c""]",kakao map
1296162203,불타는여고24시떡볶이,서울 송파구 동남로 278 104호 (우)05740,,"3.8
점",6,매일 11:00 ~ 23:30,떡볶이,"[""\ubd88\uc5ec\uc2dc \ub5a1\ubcf6\uc774(3\uc778\ubd84)"", ""\ubd88\uc5ec\uc2dc \uc5b4\ubb35\ubcf6\uc774(3\uc778\ubd84)"", ""\ubd88\uc5ec\uc2dc \ubc18\ubc18\ubcf6\uc774(3\uc778\ubd84)"", ""\ubd88\uc5ec\uc2dc \uc9dc\uc7a5\ubcf6\uc774(3\uc778\ubd84)"", ""\ubd88\uc5ec\uc2dc \ub9e4\ucf64\ubb34\ubf08\ub2ed\ubc1c(340g)""]",kakao map
507224532,티엠스마일,서울 강남구 언주로164길 24 아크로스 빌딩 1층 (우)06020,02-511-9451,"0
점",0,매일 11:00 ~ 21:30월~금 휴게시간 15:00 ~ 16:30,양식,"[""Taco set(3\uc778)""]",kakao map
16330502,치바우뼈다귀 중곡점,서울 광진구 용마산로 38 1층 (우)04949,02-446-1417,"4.7
점",15,"월,화,수,금,토,일 10:00 ~ 23:00",감자탕,"[""\uac10\uc790\ud0d5(\uc18c)"", ""\uac10\uc790\ud0d5(\uc911)"", ""\ubf08\ucc1c(\uc18c)"", ""\ubf08\ub2e4\uadc0\ud574\uc7a5\uad6d"", ""\ucf69\ub098\ubb3c\ud574\uc7a5\uad6d""]",kakao map
221666975,카페포럼,서울 강동구 진황도로27길 82 (우)05331,,"5.0
점",7,일요일,카페,"[""\uc544\uba54\ub9ac\uce74\ub178"", ""\uce74\ud398\ub77c\ub5bc"", ""\ucd08\ucf54\ub77c\ub5bc"", ""\ub179\ucc28\ub77c\ub5bc"", ""\ud0a4\uc704 \uc8fc\uc2a4""]",kakao map
672925702,헤이티 압구정점,서울 강남구 언주로168길 40 1층 (우)06020,02-6080-0188,"4.8
점",25,매일 10:00 ~ 22:00,카페,"[""\ub808\ub4dc\uc790\ubabd \ubd90"", ""\ucf54\ucf54\ub11b \ub9dd\uace0 \ubd90"", ""\uce58\uc988 \uc2a4\ud2b8\ub85c\ubca0\ub9ac \ubd90"", ""\ub9dd\uace0 \ub808\ub4dc\uc790\ubabd \uc0ac\uace0"", ""\uc2a4\ud2b8\ub85c\ubca0\ub9ac \ubd90"", ""\uadf8\ub9b0 \ub808\ubaac \ube0c\ub9ac\uc988"", ""\uce58\uc988 \uadf8\ub808\uc774\ud504 \ubd90"", ""\uba40\ubca0\ub9ac \ubd90"", ""\uadf8\ub808\uc774\ud504 \ubd90"", ""\ud328\uc158\ud6c4\ub974\uce20 \ube14\ub77c\uc2a4\ud2b8"", ""\uce58\uc988 \ub9dd\uace0 \ubd90"", ""\ud328\uc158 \ub9dd\uace0 \ube14\ub77c\uc2a4\ud2b8"", ""\ub9dd\uace0 \ubd90"", ""\ud328\uc158 \uc624\ub80c\uc9c0 \ube14\ub77c\uc2a4\ud2b8"", ""\ub85c\uc2a4\ud2f0\ub4dc \ube0c\ub77c\uc6b4 \uc288\uac00 \ubcf4\ubcf4 \ubc00\ud06c"", ""\ub85c\uc2a4\ud2f0\ub4dc \ube0c\ub77c\uc6b4 \uc288\uac00 \ubcf4\ubcf4 \ubc00\ud06c\ud2f0"", ""\ube0c\ub77c\uc6b4 \uc288\uac00 \ubcf4\ubcf4 \ubc00\ud06c\ud2f0"", ""\ube0c\ub77c\uc6b4 \ubcf4\ubcf4 \ubc00\ud06c"", ""\ubcf4\ubcf4 \ubc00\ud06c\ud2f0"", ""\ubcf4\ubcf4 \ud384 \ubc00\ud06c\ud2f0"", ""\uc0ac\uace0 \ubc00\ud06c\ud2f0"", ""\uce58\uc988 \uadf8\ub9b0\ud2f0"", ""\ud4e8\uc5b4 \uadf8\ub9b0\ud2f0"", ""\uba40\ubca0\ub9ac \uc2a4\ud2b8\ub85c\ubca0\ub9ac \ubd90 (\uc2dc\uc98c \uba54\ub274)"", ""\uce58\uc988 \uba40\ubca0\ub9ac \uc2a4\ud2b8\ub85c\ubca0\ub9ac \ubd90 (\uc2dc\uc98c \uba54\ub274)""]",kakao map
2139577552,부엉이돈가스 학동역점,서울 강남구 학동로 165 1동 1층 116호 (우)06046,02-2135-9597,"3.8
점",11,월~토 10:30 ~ 20:30월~토 휴게시간 16:00 ~ 17:00,"돈까스,우동","[""\ub9c8\ub77c \ub9c8\uc81c\uc18c\ubc14"", ""\ub9c8\uc81c\uc18c\ubc14"", ""\ub9c8\ub77c\uc6b0\ub3d9"", ""\ub9c8\ub77c\ub5a1\ubcf6\uc774"", ""\ubd80\uc5c9\uc774\ub3c8\uce74\uce20"", ""\uae40\uce58\ub3c8\uce74\uce20"", ""\uc0d0\ub7ec\ub4dc\ub3c8\uce74\uce20"", ""\ub208\uaf43\uce58\uc988\ub3c8\uce74\uce20"", ""\ud1b5\ubaa8\uc9dc\uce58\uc988\uce74\uce20"", ""\uccb4\ub2e4\ud401\ub4c0\uce74\uce20"", ""\ucf64\ubcf4\uce74\uce20"", ""\uae40\uce58\uce74\uce20\ub098\ubca0"", ""\uace0\ubca0\uc8fc\uba38\ub2c8\uc6b0\ub3d9"", ""\uae40\uce58\uc6b0\ub3d9"", ""\uaf2c\uce58\uc6b0\ub3d9\ub098\ubca0"", ""\uc22f\ubd88\uc6b0\uc0bc\uacb9\uc6b0\ub3d9"", ""\uc720\uc790\ub0c9\uc18c\ubc14"", ""\uba85\ub780\ud06c\ub9bc\uc6b0\ub3d9"", ""\uce74\ub808\uc6b0\ub3d9"", ""\uce74\ub808\ub77c\uc774\uc2a4"", ""\ub4f1\uc2ec \uce74\ub808\ub77c\uc774\uc2a4"", ""\uc548\uc2ec \uce74\ub808\ub77c\uc774\uc2a4"", ""\uace0\ub85c\ucf00 \uce74\ub808\ub77c\uc774\uc2a4"", ""\uce58\ud0a8\uac00\ub77c\uc544\uac8c \uce74\ub808\ub77c\uc774\uc2a4"", ""\ub3c8\uce74\uce20 \uc815\uc2dd \ucd94\uac00"", ""\uc6b0\ub3d9, \ub0c9\uc18c\ubc14 \uc815\uc2dd \ucd94\uac00""]",kakao map
1057480572,오부대찌개 역삼점,서울 강남구 강남대로94길 73 덕구빌딩 2층 (우)06131,02-501-1254,"3.8
점",5,매일 10:00 ~ 22:00,"찌개,전골","[""\ubd80\ub300\ucc0c\uac1c"", ""\uc2a4\ud338\ubd80\ub300\ucc0c\uac1c"", ""\ub2ed\ubcf6\uc74c\ud0d5"", ""\uacc4\ub780\ub9d0\uc774"", ""\ubaa8\ub4ec\uc18c\uc2dc\uc9c0""]",kakao map
21325545,맥시칸치킨 천호점,서울 강동구 상암로41길 35 (우)05307,02-484-0230,"0
점",0,매일 11:00 ~ 24:00,맥시칸치킨,"[""\ud6c4\ub77c\uc774\ub4dc\uce58\ud0a8"", ""\uc591\ub150\uce58\ud0a8"", ""\uac08\ub9ad\uce58\ud0a8"", ""\uac04\uc7a5\uce58\ud0a8"", ""\ud30c\ub2ed"", ""\uc5b4\ub2c8\uc5b8\uce58\ud0a8"", ""\ubc18\ubc18\uce58\ud0a8"", ""\uce58\uc988\ub791\uce58\ud0a8"", ""\uc21c\uc0b4\ub2ed\uac15\uc815"", ""\ub9e4\ucf64\ub2ed\uac15\uc815""]",kakao map
2083425788,두리닭발 잠실방이점,서울 송파구 올림픽로32길 18-22 2층 (우)05548,02-6084-7261,"3.9
점",14,"월,수,목,금,토,일 17:00 ~ 24:00",한식,"[""\uad6d\ubb3c\ub2ed\ubc1c (\uc18c)"", ""\uc9c1\ud654\uad6c\uc774\ub2ed\ubc1c (\ubb34\ubf08) (\uc18c)"", ""\uc9c1\ud654\uad6c\uc774\ub2ed\ubc1c (\ud1b5\ubf08) (\uc18c)"", ""\uc624\ub385\ud0d5"", ""\uba39\ud0dc""]",kakao map
1663188365,MUU한우다이닝 청담,서울 강남구 선릉로152길 7 2층 (우)06014,02-511-2532,"1.5
점",2,월~금 17:30 ~ 23:30,"육류,고기","[""T-BON course"", ""M course""]",kakao map
876363368,쌍팔반점 송파문정점,서울 송파구 문정로4길 28 (우)05807,02-409-1058,"3.0
점",3,매일 11:00 ~ 22:00,중국요리,"[""\ub808\ubaac\ud06c\ub9bc\uc0c8\uc6b0"", ""\uafd4\ubc14\ub85c\uc6b0"", ""\uba58\ubcf4\uc0e4"", ""\ud574\ubb3c\uc9ec\ubf55"", ""\uace0\uae30\uc9ec\ubf55"", ""\uc18d\ud480\uc774\uae40\uce58\uc9ec\ubf55"", ""\uace0\uae30\uc9dc\uc7a5"", ""\uc0c8\uc6b0\uc9dc\uc7a5"", ""\uc911\ud654\uce60\ub9ac\uc0c8\uc6b0"", ""\uace0\uae30\uac04\uc9dc\uc7a5"", ""\uc0c8\uc6b0\uac04\uc9dc\uc7a5"", ""\ud64d\ud569\uc9ec\ubf55\ud0d5"", ""\uc9ec\ubf55\ubc25"", ""\ud2b9\uc9ec\ubf55"", ""\uc9ec\ubf55\ud0d5"", ""\uac08\ube44\uad70\ub9cc\ub450"", ""\uad70\ub9cc\ub450"", ""\uc911\ud654\ubd88\uc81c\uc721\ub36e\ubc25""]",kakao map
615816313,정원복돼지 솥뚜껑삼겹살,서울 광진구 동일로60길 48-1 1층 (우)04994,02-465-2651,"3.0
점",8,매일 16:00 ~ 04:00,삼겹살,"[""\uc0dd\uc0bc\uacb9\uc0b4"", ""\ud56d\uc815\uc0b4"", ""\uc18c\uac08\ube44\uc0b4"", ""\ud55c\uc6b0\ucc28\ub3cc"", ""\ub300\ud328\uc0bc\uacb9"", ""\ub204\ub8fd\uc9c0"", ""\ubb3c\ub0c9\uba74"", ""\ube44\ube54\ub0c9\uba74"", ""\uae40\uce58\ucc0c\uac1c"", ""\ucc28\ub3cc\ub41c\uc7a5"", ""\ubc84\uc12f\uc0ac\ub9ac""]",kakao map
818271137,쭌이네,서울 강동구 천호대로 1006 브라운스톤천호 지3층 334호 (우)05378,02-474-2454,"4.5
점",2,금 15:30 ~ 20:00,한식,"[""\ucb4c\uc774\ub124 \ubc31\ubc18"", ""\ube44\ube54\ubc25"", ""\uae40\uce58\uc54c\ubc25"", ""\ub3cc\uc1a5\ube44\ube54\ubc25"", ""\uae40\uce58\ub3cc\uc1a5\ubc25"", ""\uc81c\uc721\ub3cc\uc1a5\ubc25"", ""\uccad\uad6d\uc7a5\ube44\ube54\uc815\uc2dd"", ""\uc6b0\ub801\uccad\uad6d\uc7a5"", ""\ub41c\uc7a5\ucc0c\uac1c"", ""\uc5bc\ud070\uc21c\ub450\ubd80"", ""\uc81c\uc721\uae40\uce58\ucc0c\uac1c"", ""\uc790\ubc18\uad6c\uc774"", ""\uace0\ucd94\uc7a5\uc81c\uc721\ucc0c\uac1c"", ""\ubc84\uc12f\ubd88\uace0\uae30"", ""\uac00\uc790\ubbf8\uad6c\uc774"", ""\ucf54\ub2e4\ub9ac\uad6c\uc774"", ""\uc624\uc0bc\ubcf6\uc74c"", ""\ucf69\ub098\ubb3c\ube44\ube54\ubc25"", ""\uc791\uc9c0\uc813\ube44\ube54\ubc25"", ""\ubc84\uc12f\ub4e4\uae68\ud0d5""]",kakao map
849573094,장군숯불갈비,서울 강남구 개포로31길 5 (우)06306,02-571-0408,"4.0
점",4,매일 13:00 ~ 23:00,갈비,"[""\uc218\uc81c\ub3fc\uc9c0\uac08\ube44"", ""\uc218\uc81c\ubb3c\ub0c9\uba74"", ""\uc218\uc81c\ube44\ube54\ub0c9\uba74"", ""\uc218\uc81c\ud568\ud765\ubb3c\ub0c9\uba74"", ""\uac08\ube44\ucc1c\uc815\uc2dd"", ""\ud55c\ubc29\uac08\ube44\ud0d5"", ""\ud55c\uc6b0\uac08\ube44\uc0b4"", ""\uba85\ud488\ud55c\uc6b0\uc721\ud68c"", ""\uccad\uad6d\uc7a5"", ""\uae40\uce58\ucc0c\uac1c"", ""\ucc28\ub3cc\ub41c\uc7a5"", ""\ubd80\ub300\ucc0c\uac1c"", ""\uc81c\uc721\ubcf6\uc74c"", ""\ub69d\ubc30\uae30\ubd88\uace0\uae30"", ""\uc81c\uc721\ub36e\ubc25""]",kakao map
574608003,퍼블릭갤러리,서울 강남구 도곡로1길 10 (우)06253,070-4233-1122,"0
점",0,,갤러리카페,"[""\uc544\uba54\ub9ac\uce74\ub178"", ""\uce74\ud398\ub77c\ub5bc"", ""\uc778\ub514\uce74IPA"", ""\uc2a4\ud0c0\uc6b0\ud2b8"", ""\ud398\ub9ac\uc5d0\uc77c"", ""\ub300\ub3d9\uac15"", ""\ud638\uac00\ub4e0"", ""\ucf54\ub85c\ub098"", ""\ud0c4\uc0b0\uc218"", ""\uc2a4\ud30c\ud074\ub9c1 \ub808\ubaac"", ""\uc2a4\ud30c\ud074\ub9c1 \uc624\ub80c\uc9c0""]",kakao map
1216178029,허닛,서울 강남구 논현로 508 GS강남타워 지하1층 (우)06141,070-5088-2726,"4.5
점",4,월~금 08:30 ~ 20:00,샌드위치,"[""\ub808\uc804\ub354\ub9ac \ud30c\uc2a4\ud2b8\ub77c\ubbf8"", ""\ub8e8\ubca4"", ""\uc624\ub9ac\uc9c0\ub0a0 \ub85c\uc2a4\ud2b8\ube44\ud504"", ""\ub85c\uc2a4\ud2b8 \ube44\ud504 \ubc18\ubbf8"", ""\ubc14\uc9c8 \uce58\ud3f4\ub808 \uc2dc\ud0a8 \uc0cc\ub4dc\uc704\uce58"", ""\ubc14\uc9c8 \ud398\uc2a4\ud1a0 \uce58\ud0a8 \uc0cc\ub4dc\uc704\uce58"", ""\uba54\uc774\ud50c \uadf8\ub9b4\ub4dc \uce58\uc988"", ""\ud06c\ub9ac\uc2a4\ud53c \ud504\ub77c\uc774\ub4dc \uce58\ud0a8"", ""\ud06c\ub77c\uc6b4 \ud06c\ub7ec\uc2a4\ud2b8 \ub77c\uc790\ub0d0"", ""\ud06c\ub9ac\ubbf8 \uc591\uc1a1\uc774 \uc218\ud504\uc640 \ud638\ubc00\ube75"", ""\uc62c\ub9c8\uc774\ud2f0 \uc0d0\ub7ec\ub4dc"", ""\uc2dc\uc800 \uc0d0\ub7ec\ub4dc"", ""\ud558\ub9ac\uc0ac \uce58\ud0a8 \uc2dc\uc800 \uc0d0\ub7ec\ub4dc""]",kakao map
742227788,짝태와노가리 암사점,서울 강동구 올림픽로91길 30 힐스테이트암사 상가동 1층 110호 (우)05242,0507-1447-0775,"3.0
점",2,월~토 17:00 ~ 02:00,"호프,요리주점","[""\uce5c\uad6c\uc138\ud2b81"", ""\uce5c\uad6c\uc138\ud2b82"", ""\uc9dd\ud0dc"", ""\ud669\ud0dc\ubc14\uc0ad\uc774"", ""\ub9c8\uc57d\uc18c\uc138\uc9c0"", ""\ucf58\uce58\uc988"", ""\ud55c\uce58"", ""\uc870\uac1c\ud0d5"", ""\ubc88\ub370\uae30\ud0d5"", ""\ucac0\ub4dd\uc774\ubb38\uc5b4\ubc1c"", ""\ubc18\uac74\uc870\uc624\uc9d5\uc5b4"", ""\ud30c\uc778\uc560\ud50c\uc2dc\ubca0\ud2b8"", ""\uad6d\ubb3c\ub5a1\ubcf6\uc774"", ""\uc9dd\ud0dc\uc5b4\ubb35\ud0d5"", ""\ub9cc\ub450\uae40\uce58\ucc0c\uac1c"", ""\ud6c4\ub77c\uc774\ub4dc\uce58\ud0a8"", ""\uc591\ub150\uce58\ud0a8"", ""\uac04\uc7a5\uce58\ud0a8"", ""\ub9e4\uc6b4\uce58\ud0a8""]",kakao map
1889494256,올떡 잠실야구장3루점,서울 송파구 올림픽로 25 3층 3루 (우)05500,,"0
점",0,,올떡,"[""\ub0a0\uce58\ub300\uc7a5\uc8fc\uba39\ubc25"", ""\ub300\uc7a5\uc8fc\uba39\ubc25"", ""\ubc40\ud30c\uc774\uc5b4 \ub5a1\ubcf6\uc774"", ""\uc640\uc0ac\ube44\ud06c\ub9bc\ub5a1\ubcf6\uc774"", ""\ud280\uae34\uc624\ub385"", ""\uc61b\ub0a0\ub5a1\ubcf6\uc774"", ""\uc9dc\uc7a5\ub5a1\ubcf6\uc774"", ""\uc624\ub9c8\uc774\uc9d5\uc5b4\ud280\uae40"", ""\ub85c\uc81c\ub5a1\ubcf6\uc774"", ""\ub85c\uc81c \uce58\ud0a8"", ""\uc655\uae40\ub9d0\uc774 \ud280\uae40"", ""\uc7a1\ucc44\ub9d0\uc774"", ""\uc655\uc0c8\uc6b0\ud280\uae40"", ""\uba39\ubb3c\ud56b\ub3c4\uadf8"", ""\ub300\uc655\uce58\uc988\uc2a4\ud2f1""]",kakao map
22757511,맛닭꼬 답십리점,서울 동대문구 한천로11길 15 1층 (우)02617,02-2217-3392,"4.0
점",8,매일 14:30 ~ 01:30,맛닭꼬,"[""\uc624\ub9ac\uc9c0\ub0a0 \ub85c\uc2a4\ud2b8"", ""\uc624\ub9ac\uc9c0\ub0a0 \ud604\ubbf8\ubca0\uc774\ud06c"", ""\ubc14\ubca0\ud050 \ub85c\uc2a4\ud2b8"", ""\ub370\ub9ac\uac08\ub9ad \ub85c\uc2a4\ud2b8"", ""\uce58\uc988\uce60\ub9ac \ub85c\uc2a4\ud2b8"", ""\uae50\ud48d\uae30 \ub85c\uc2a4\ud2b8"", ""\ub450\ubc18\uc7a5 \ub85c\uc2a4\ud2b8"", ""\uac08\ube44 \ub85c\uc2a4\ud2b8"", ""\uc22f\ubd88 \ub85c\uc2a4\ud2b8"", ""\ub85c\uc2a4\ud2b8 \uc21c\uc0b4 \ud30c\ub2ed"", ""\uce58\uc988 \uc21c\uc0b4 \ud401\ub2ed"", ""\uac08\ub9ad \ud604\ubbf8\ubca0\uc774\ud06c"", ""\uac15\uc815 \ud604\ubbf8\ubca0\uc774\ud06c"", ""\uce60\ub9ac \ud604\ubbf8\ubca0\uc774\ud06c"", ""\ud56b\uc18c\uc2a4 \ud604\ubbf8\ubca0\uc774\ud06c"", ""\ub9c8\ub77c \ud604\ubbf8\ubca0\uc774\ud06c"", ""\ud2b8\ub9ac\ud50c \ud604\ubbf8\ubca0\uc774\ud06c"", ""\ub9c8\ub298\uc544 \ud604\ubbf8\ubca0\uc774\ud06c"", ""\uace0\ucd94\uac15\uc815 \ud604\ubbf8\ubca0\uc774\ud06c"", ""\ud30c\ud30c\ub2ed \ud604\ubbf8\ubca0\uc774\ud06c"", ""\uc0ac\ucc9c \ud604\ubbf8\ubca0\uc774\ud06c"", ""\uce58\uc988 \ubfcc\ub9ac\uaf2c \ud604\ubbf8\ubca0\uc774\ud06c"", ""\uce74\ub808 \ubfcc\ub9ac\uaf2c \ud604\ubbf8\ubca0\uc774\ud06c"", ""\uc5b4\ub2c8\uc5b8 \uc21c\uc0b4 \ud604\ubbf8\ubca0\uc774\ud06c"", ""\ucc38\uce58 \uc21c\uc0b4 \ud604\ubbf8\ubca0\uc774\ud06c"", ""\uc720\ub9b0\uae30 \uc21c\uc0b4 \ud604\ubbf8\ubca0\uc774\ud06c""]",kakao map
1404706350,화로구이,서울 강동구 양재대로89길 54 (우)05403,02-407-6316,"0
점",0,,"육류,고기",[],kakao map
1078432430,제주흑돼지마을,서울 강남구 봉은사로 319 (우)06103,02-515-9290,"3.7
점",3,월~토 11:00 ~ 23:00월~토 휴게시간 15:30 ~ 16:30,한식,"[""\uc81c\uc8fc\ud751\ub3fc\uc9c0\uae40\uce58\ucc0c\uac1c"", ""\uae40\uce58\ucc1c(1\uc778)"", ""\uc81c\uc721\ubcf6\uc74c (\uc911)"", ""\ud751\ub3fc\uc9c0\uc0dd\uc624\uacb9(180g)""]",kakao map
21132283,중국관,서울 광진구 광나루로 530 1층 (우)05031,02-457-3202,"4.0
점",4,월~토 11:00 ~ 18:00,중국요리,"[""\uc9dc\uc7a5(\ud604\uae08\uac00)"", ""\uac04\uc9dc\uc7a5(\ud604\uae08\uac00)"", ""\uc9ec\ubf55(\ud604\uae08\uac00)"", ""\uc6b0\ub3d9"", ""\uc6b8\uba74"", ""\uc0bc\uc120\uc9dc\uc7a5"", ""\uc0bc\uc120\uc9ec\ubf55"", ""\uc0bc\uc120\uc6b0\ub3d9"", ""\uc0bc\uc120\uc6b8\uba74"", ""\uae30\uc2a4\uba74"", ""\uace0\ucd94\uc9ec\ubf55"", ""\ud2b9\uba74"", ""\ubcf6\uc74c\ubc25"", ""\uc9ec\ubf55\ubc25"", ""\uc624\ubb34\ub77c\uc774\uc2a4"", ""\uc0bc\uc120\ubcf6\uc74c\ubc25"", ""\ud0d5\uc218\uc721(\uc18c)"", ""\uc7a1\ucc44(\uc18c)"", ""\ub77c\uc870\uc721(\uc18c)"", ""\uae50\ud48d\uae30(\uc18c)"", ""\ub374\ubfcc\ub77c(\uc18c)""]",kakao map
2146512128,정통숯불꼬치구이구르메 위례역점,"경기 성남시 수정구 위례광장로 21-12 위례드림시티 1층 112, 113호 (우)13647",,"0
점",0,매일 16:00 ~ 01:00,일식,"[""\uac04\uc0ac\uc774\uc624\ub385\ud0d5"", ""\uae40\uce58\uac04\uc0ac\uc774\uc624\ub385\ud0d5"", ""\ucc28\ub3cc\uc624\ub385\ud0d5"", ""\ub098\uac00\uc0ac\ub07c\ud574\ubb3c\uc9ec\ubf55\ud0d5"", ""\ub098\uac00\uc0ac\ub07c\ub4f1\uc2ec\uc9ec\ubf55\ud0d5"", ""\uc0ac\ucc9c\ub098\uac00\uc0ac\ub07c\ud574\ubb3c\uc9ec\ubf55\ud0d5"", ""\uc0ac\ucc9c\ub098\uac00\uc0ac\ub07c\ub4f1\uc2ec\uc9ec\ubf55\ud0d5"", ""\uce74\ub808\ucc28\ub3cc\ub098\ubca0"", ""\ub3c8\uac00\uce20\uae40\uce58\ub098\ubca0"", ""\ud574\ubb3c\ub204\ub8fd\uc9c0\ud0d5"", ""\uba85\ub780\uacc4\ub780\ub9d0\uc774"", ""\uc57c\ub07c\uc18c\ubc14"", ""\uc624\uaf2c\ub178\ubbf8\uc57c\ub07c"", ""\ud574\ubb3c\ubcf6\uc74c\uc6b0\ub3d9"", ""\ucc28\ub3cc\uc219\uc8fc\ubcf6\uc74c"", ""\ud1b5\uc0c8\uc6b0\uad6c\uc774 (8~10p)"", ""\uba54\ub85c\uad6c\uc774"", ""\ub2ed\uaecd\uc9c8\ub9cc\ub450"", ""\uc774\uae4c\uac8c\uc18c (\uc624\uc9d5\uc5b4\ub2e4\ub9ac\ud280\uae40)"", ""\uce58\ud0a8\uac00\ub77c\uc544\uac8c"", ""\ub2ed\ub0a0\uac1c\uac00\ub77c\uc544\uac8c"", ""\ubb38\uc5b4\uac00\ub77c\uc544\uac8c"", ""\ud1b5\uc0c8\uc6b0\uac00\ub77c\uc544\uac8c"", ""\uce58\ud0a8\uc0d0\ub7ec\ub4dc"", ""\ucc28\ub3cc\ubc15\uc774\uc0d0\ub7ec\ub4dc"", ""\uc0dd\uc5f0\uc5b4\uc0d0\ub7ec\ub4dc"", ""\ucc38\uce58\ub2e4\ub2e4\ub07c"", ""\uc5f0\uc5b4\ub2e4\ub2e4\ub07c"", ""\uc18c\uace0\uae30\ub2e4\ub2e4\ub07c"", ""\uc0dd\uc5f0\uc5b4\uc0ac\uc2dc\ubbf8""]",kakao map
231982402,토브,서울 강남구 도산대로30길 46 (우)06051,,"4.4
점",5,월~금 09:30 ~ 17:30,햄버거,"[""TOV\ubc84\uac70"", ""\ud560\ub77c\uce58\ud0a8\ubc84\uac70"", ""\ubd88\uace0\uae30\uce58\uc988\ubc84\uac70"", ""\uc2a4\ud30c\uc774\uc2dc\ubc84\uac70"", ""\ud30c\uc778\uce58\uc988\ubc84\uac70""]",kakao map
1605919708,모노치즈 수서점,서울 강남구 밤고개로1길 10 지하1층 112호 (우)06349,02-6465-8526,"5.0
점",2,,"제과,베이커리","[""\ud06c\ub9bc\uce58\uc988 \ud640"", ""\uc5f0\uc5b4\ud06c\ub9bc\uce58\uc988 \ud640"", ""\ub2ed\uac00\uc2b4\uc0b4 \uc0d0\ub7ec\ub4dc"", ""\ub9ac\ucf54\ud0c0\uce58\uc988 \uc0d0\ub7ec\ub4dc"", ""\ubd88\uace0\uae30 \ud30c\ub2c8\ub2c8""]",kakao map
1915095795,갤러리덴,서울 송파구 올림픽로 86 로이타워 2층 (우)05556,02-6229-2976,"5.0
점",4,화~토 10:00 ~ 22:00,갤러리카페,"[""\ubd80\ub77c\ud0c0 \ubc14\uc9c8 \uce74\ud3a0\ub9ac\ub2c8"", ""\uc0dd \ud2b8\ub7ec\ud50c \ud06c\ub9bc \ud30c\uc2a4\ud0c0"", ""\ub124 \uac00\uc9c0 \ubc84\uc12f \uc0d0\ub7ec\ub4dc"", ""\ub2ed \uac00\uc2b4\uc0b4 \uc0d0\ub7ec\ub4dc"", ""\ubca0\uc774\ucee8 \ud504\ub80c\uce58 \ud1a0\uc2a4\ud2b8"", ""\ud504\ub80c\uce58 \uc5b4\ub2c8\uc5b8 \uc218\ud504"", ""\ube0c\ub77c\uc6b4 \uce58\uc988 \ubc14\uac8c\ud2b8(2pcs)"", ""\ube0c\ub77c\uc6b4 \uce58\uc988\uc640 \uba5c\ub860 (\uc2dc\uc98c\uba54\ub274)"", ""\ud558\ubabd\uacfc \uba54\ub860 (\uc2dc\uc98c\uba54\ub274)"", ""\uc62c\ub9ac\ube0c\uc624\uc77c & \uc544\uc774\uc2a4\ud06c\ub9bc"", ""\ubc14\ub098\ub098\ud478\ub529"", ""\ubd80\ub77c\ud0c0\uce58\uc988"", ""\uc544\uba54\ub9ac\uce74\ub178(HOT)"", ""\ub77c\ub5bc(HOT)"", ""\ubc14\ub2d0\ub77c \ube48 \ub77c\ub5bc(HOT)"", ""\ub538\uae30 \ub77c\ub5bc"", ""\uadf8\ub9b0\ud2f0 \ub77c\ub5bc"", ""\uc790\ubabd\ucc28"", ""\ud1a0\ub9c8\ud1a0 \ubc14\uc9c8 \uc5d0\uc774\ub4dc"", ""\uccad\uade4 \uc5d0\uc774\ub4dc""]",kakao map
614466338,철길부산집 신당점,서울 중구 퇴계로76길 24 (우)04611,,"5.0
점",1,"금,토 17:00 ~ 04:00",술집,"[""\ubd80\uc0b0\uc9d1\ubd88\ub5a1\ubcf6\uc774"", ""\ub0c9\ucc44\uc871\ubc1c\uc308"", ""\uc21c\uc0b4\uce58\ud0a8\uac00\ub77c\uc544\uac8c"", ""\uc57c\ub07c\uc18c\ubc14"", ""\ubc84\ud130\ubb38\uc5b4\ub2e4\ub9ac\uad6c\uc774"", ""\uce04\ub7ec\uc2a4\uba39\ud0dc\uad6c\uc774""]",kakao map
1983343830,일월수제만두,서울 성동구 성덕정길 102 1층 1호 (우)04776,,"5.0
점",1,매일 11:00 ~ 21:00,분식,"[""\uace0\uae30\uad50\uc790 (8\uac1c)"", ""\uae40\uce58\uad50\uc790 (8\uac1c)"", ""\uc0c8\uc6b0\ub9cc\ub450 (5\uac1c)"", ""\uace0\uae30\uc655\ub9cc\ub450 (5\uac1c)"", ""\uae40\uce58\uc655\ub9cc\ub450 (5\uac1c)"", ""\uc6b0\uc720\ucc10\ube75 (4\uac1c)""]",kakao map
819742826,업앤다운 2호점,경기 성남시 수정구 복정로42번길 1 (우)13118,,"0
점",0,,"호프,요리주점",[],kakao map
980628191,미쓰냉삼,서울 강남구 압구정로20길 15 1층 104호 (우)06030,070-4177-9292,"4.5
점",11,"월,화,수,목,금,일 11:30 ~ 02:00",삼겹살,"[""\ub0c9\ub3d9\uc0bc\uacb9\uc0b4"", ""\ucc28\ub3cc\ubc15\uc774"", ""\ucc28\ub3cc+\uad00\uc790"", ""\ub0c9\ub3d9\ubaa9\uc0b4""]",kakao map
27227118,피자헛 한티본점,서울 강남구 선릉로 340 대치이엠프라자 1층 103호 (우)06199,070-7843-1941,"4.0
점",6,매일 11:00 ~ 23:00,피자헛,"[""\uc528\ud478\ub4dc\ud0b9 L"", ""\ud1a0\ud551\ud0b9&\uc218\ud37c\uc288\ud504\ub9bc L"", ""\ub9bd\uc2a4\ud14c\uc774\ud06c&\uc26c\ub9bc\ud504 L"", ""\uc218\ud37c\uc288\ud504\ub9bc L"", ""\ud1a0\ud551\ud0b9 L"", ""\ub9bd\uc2a4\ud14c\uc774\ud06c L"", ""\uc9c1\ud654\ubd88\uace0\uae30 L"", ""\ucf64\ube44\ub124\uc774\uc158&LA \ubd88\uace0\uae30 L"", ""\ucf64\ube44\ub124\uc774\uc158&\ud398\ud398\ub85c\ub2c8 L"", ""\ud398\ud398\ub85c\ub2c8 \ub7ec\ubc84 L"", ""\ud504\ub808\uc2dc \ub9c8\ub974\uac8c\ub9ac\ub530"", ""\uce58\uc988 \ub7ec\ubc84 L"", ""\ucf64\ube44\ub124\uc774\uc158 1958 L"", ""\uba5c\ud305\uce58\uc988 \ud3ec\ud14c\uc774\ud1a0 L"", ""\uc11c\ud504\ub77c\uc774\uc988\ucf64\ubcf4\uc138\ud2b8"", ""\ud574\ud53c\ucf64\ubcf4\uc138\ud2b8"", ""\ucf58\uc18c\uba54 \ud31d\ucf58\uce58\ud0a8(20ea)"", ""\uc18c\uc774\uac08\ub9ad \uc719 4\uc870\uac01"", ""\uc18c\uc774\uac08\ub9ad \uc719 8\uc870\uac01"", ""\ucf54\uc6b8\uc2ac\ub85c""]",kakao map
812444,상도,서울 강남구 논현로94길 29-4 1층 (우)06140,02-538-4060,"1.8
점",5,월~금 17:00 ~ 02:00,한식,"[""\ubbfc\uc5b4\uad6c\uc774"", ""\uc18c\uace0\uae30\uc721\uc804"", ""\ucc28\ub3cc\uc9ec\ubf55\ud0d5"", ""\ub0a8\ub3c4\uc2dd \ud55c\uc6b0\uc721\ud68c"", ""\uc0c1\ub3c4\ub2ed\uac15\uc815"", ""\ubb38\uc5b4\uc219\ud68c"", ""\ub0c9\ucc44\uc871\ubc1c"", ""\uc0bc\uacb9\ubb34\uce68\uacfc\ube44\ube54\uba74"", ""\uc0c1\ud07c\ud55c \uc624\uc9d5\uc5b4 \ucd08\ubb34\uce68"", ""\ucc28\ub3cc\uad6c\uc774\uc640 \uc601\uc591\ubd80\ucd94\ubb34\uce68"", ""\ub3fc\uc9c0\uace0\uae30\ubc14\uc2f9\uad6c\uc774"", ""\uc308\uc2f8\uba39\ub294 \uba85\ub780\uad6c\uc774"", ""\uc18c\uc2dc\uc9c0 \uc57c\ucc44\ubcf6\uc74c"", ""\ub450\ubd80\uae40\uce58"", ""\uace0\ucd94\uc7a5\ub85c\uc81c \ud574\ubb3c\ud30c\uc2a4\ud0c0"", ""\uba85\ub780 \uac10\uc790\uc804"", ""\uc5bc\ud070\uc21c\ub450\ubd80"", ""\ub2ed\ub3c4\ub9ac\ud0d5"", ""\uc2a4\uc9c0\uc5b4\ubb35\ud0d5"", ""\ub099\uc9c0\ub9d1\uc740\ud0d5""]",kakao map
2104892398,라뜰리에 르지우 롯데에비뉴엘 월드타워점,서울 송파구 올림픽로 300 6층 (우)05551,02-3213-2637,"450
개",0,매일 11:00 ~ 21:00월~금 휴게시간 15:30 ~ 17:30,양식,"[""\uad00\uc790 \uce74\ub974\ud30c\uce58\uc624"", ""\ud074\ub7a8 \ucc28\uc6b0\ub354"", ""\ud55c\uce58 \uc528\uc800\uc0d0\ub7ec\ub4dc"", ""\ube44\ud504 \ud0c0\ub974\ud0c0\ub974"", ""\uc5ec\ub984 \ubb38\uc5b4"", ""\uc5f0\uc5b4 \uadf8\ub77c\ube0c\ub77d\uc2a4"", ""\ubd09\uace8\ub808 \ub9c1\uadc0\ub2c8(\uac74\uba74)"", ""\uc6b0\ub2c8 \uc2a4\ud30c\uac8c\ud2f0\ub2c8(\uc0dd\uba74)"", ""\ud654\uc774\ud2b8\ub77c\uad6c \ud0c8\ub808\uc544\ud0c8\ub808(\uc0dd\uba74)"", ""\uce74\ub974\ubcf4\ub098\ub77c \uc2a4\ud30c\uac8c\ud2f0\ub2c8(\uc0dd\uba74)"", ""\ub77c\uc790\ub0d0"", ""\ud2b8\ub7ec\ud50c \ud0c8\ub808\uc544\ud0c8\ub808(\uc0dd\uba74)"", ""\ubaa8\ub810\ubc84\uc12f \ud06c\ub9bc \ub9ac\uc870\ub610"", ""\ud64d\ud569 \ub9ac\uc870\ub610"", ""\ub9c8\ub808 \ud398\uc2a4\uce74\ud1a0\ub808 \ub9c1\uadc0\ub2c8(\uac74\uba74)"", ""\ub514\uc544\ubcfc\ub77c \ud53c\uc790"", ""\ub9c8\ub974\uac8c\ub9ac\ub530 \ud53c\uc790"", ""\ubb34\ud654\uacfc \ud3ec\ub974\ub9c8\uc9c0 \ud53c\uc790"", ""\ud55c\uc6b0 1++ \ucc44\ub05d \uc2a4\ud14c\uc774\ud06c"", ""\uacc4\uc808 \uc0dd\uc120 \uc2a4\ud14c\uc774\ud06c"", ""\uc62c\ub9ac\ube0c \ub9c8\ub9ac\ub124\uc774\ub4dc"", ""\uacfc\uc77c&\uce58\uc988 \ud50c\ub808\uc774\ud2b8"", ""\ud2f0\ub77c\ubbf8\uc218"", ""\uc62c\ub9ac\ube0c \uc544\uc774\uc2a4\ud06c\ub9bc""]",kakao map
2005430866,호두이즈월넛,서울 성동구 광나루로2길 34 1층 (우)04792,,"0
점",0,,카페,[],kakao map
1074439431,대포집,서울 송파구 양재대로62길 48 남양빌딩 1층 102호 (우)05712,02-6338-3349,"4.2
점",12,매일 16:00 ~ 24:00,한식,"[""\ubb38\uc5b4\uc0bc\ud569"", ""\u318d\uc804"", ""\ud64d\uc5b4\ubb38\uc5b4\uc0ac\ud569""]",kakao map
846698531,엠비뉴,서울 송파구 백제고분로 176 1층 (우)05577,,"4.1
점",10,월~금 08:30 ~ 22:00,카페,"[""\uc5d0\uc2a4\ud504\ub808\uc18c"", ""\ud53c\uc5d0\ub178"", ""\uc1fc\ucf5c\ub77c\ub610"", ""\uc0e4\ucf00\ub77c\ub610"", ""\uc5d0\ud2f0\uc624\ud53c\uc544 \ucf54\ucf00\ud5c8\ub2c8 \ud578\ub4dc\ub4dc\ub9bd"", ""\ucf54\ucf00\ud5c8\ub2c8 \uccbc\ubc14 \ud578\ub4dc\ub4dc\ub9bd"", ""\ucf00\ub0d0 \ud0a4\uc554\ubd80 \ud578\ub4dc\ub4dc\ub9bd"", ""\ube0c\ub77c\uc9c8 \uc138\ub77c\ub3c4 \ud578\ub4dc\ub4dc\ub9bd"", ""\uc544\uba54\ub9ac\uce74\ub178"", ""\uce74\ud398\ub77c\ub5bc"", ""\uce74\ud478\uce58\ub178"", ""\ubc14\ub2d0\ub77c\ub77c\ub5bc"", ""\uce74\ub77c\uba5c\ub9c8\ub07c\uc544\ub610"", ""\ube14\ub799\ubaa8\uce74\ub77c\ub5bc"", ""\uc544\uc778\uc288\ud398\ub108"", ""\ub3cc\uccb4\ub77c\ub5bc"", ""\uc544\ud3ec\uac00\ud1a0"", ""\ucf5c\ub4dc\ube0c\ub8e8"", ""\ucf5c\ub4dc\ube0c\ub8e8\ub77c\ub5bc"", ""\uc218\uc81c\ub85c\uc584\ubc00\ud06c\ud2f0"", ""\ucd08\ucf54\ub77c\ub5bc"", ""\ubc00\ud06c\uc250\uc774\ud06c"", ""\ub808\ubaac\uc5d0\uc774\ub4dc"", ""\uc81c\uc8fc\uccad\uade4\uc5d0\uc774\ub4dc"", ""\ubcf5\uc22d\uc544\uc544\uc774\uc2a4\ud2f0"", ""\ud0a4\uc704\uc8fc\uc2a4"", ""\uce90\ubaa8\ub9c8\uc77c"", ""\ud398\ud37c\ubbfc\ud2b8""]",kakao map
35480577,소망의빛,서울 서초구 양재대로 54 (우)06768,02-6081-2114,"0
점",0,,카페,[],kakao map
615349010,제주곤이칼국수 문정점,서울 송파구 법원로 114 엠스테이트 E동 지하1층 B114호 (우)05854,02-2283-1119,"5.0
점",6,월~금 11:00 ~ 22:00월~금 휴게시간 15:00 ~ 17:00,칼국수,"[""\uc81c\uc8fc \uc54c\uace4\uce7c\uad6d\uc218"", ""\uc81c\uc8fc \uace0\uae30\uce7c\uad6d\uc218"", ""\uc81c\uc8fc \uc54c\uace4\ubc25/\uace0\uae30\ubc25"", ""\uc54c\uac10\uc790\uc804"", ""\uc22f\ubd88\uac08\ube44(\uc18c)"", ""\uace0\uae30or\uae40\uce58\ub9cc\ub450"", ""\uc81c\uc8fc \uace0\uae30 \ube44\ube54\uce7c\uad6d\uc218"", ""\uc81c\uc8fc \uaf2c\ub9c9 \ube44\ube54\uce7c\uad6d\uc218"", ""\uc81c\uc8fc \uaf2c\ub9c9 \ube44\ube54\ubc25"", ""\uc54c\uace4\uc774\uc804\uace8"", ""\uc54c\uace4\ucca0\ud310"", ""\uc22f\ubd88\uac08\ube44(\ub300)"", ""\uc0bc\uacb9\uc218\uc721(\uc18c)"", ""\uc0bc\uacb9\uc218\uc721(\ub300)"", ""\uac08\ube44or\uc9ec\ubf55\ub9cc\ub450"", ""\uc2a4\ud398\uc15c\uc804\uace8(3-4\uc778\uc6a9)""]",kakao map
865621385,영 베이커리,서울 성동구 독서당로 187 3층 308호 (우)04732,010-3181-1913,"0
점",0,,"제과,베이커리","[""\uc6b0\ub9ac\ubc00 \ub2e8\ud325\ube75"", ""\ud06c\ub80c\ubca0\ub9ac/\ucd08\ucf54\uc2a4\ucf58"", ""\uc6b0\ub9ac\ubc00 \uc2dd\ube75"", ""\uce58\uc544\ubc14\ud0c0""]",kakao map
388725832,prt prt,서울 서초구 양재천로 69 1층 (우)06754,,"3.7
점",3,매일 09:00 ~ 18:00,카페,"[""\ud478\ub8fb\ud478\ub8fb"", ""prt \ub9c8\ub2c8\uc544"", ""\uc5bc\uadf8\ub808\uc774 \ubc00\ud06c\ud2f0(Hot only)"", ""\uc544\uc308 \ubc00\ud06c\ud2f0(Hot only)"", ""\ud06c\ub9bc\ud2f0(\ubc00\ud06c\ud2f0+\ud50c\ub808\uc778\uc2a4\ucf58)"", ""\uc5d0\uc2a4\ud504\ub808\uc18c \ub9c8\ub07c\uc544\ud1a0"", ""\uc544\uba54\ub9ac\uce74\ub178"", ""\ub514\uce74\ud398\uc778 \ub8fd\uace0(Hot only)"", ""\uce74\ud398\ub77c\ub5f4"", ""\uce74\ud478\uce58\ub178"", ""\ubc14\ub2d0\ub77c\ub77c\ub5bc"", ""\uce74\ud398\ubaa8\uce74"", ""\ud53c\uce58\uc6b0\ub871\ud2f0"", ""\uc6b0\ubc14 \ud2f0"", ""\ucd08\ucf54\ub77c\ub5f4"", ""\ub538\uae30\uce58\uc988\ub77c\ub5bc(Iced only)"", ""\ub9d0\ucc28 \uc232\ubb34\ub514"", ""\ucee4\ud53c \uc232\ubb34\ub514""]",kakao map
